file,line_num,gt,pred,accuracy,cer,wer,cer_bin
1_1.png,0,Задание указано на доске. Подписывать бланк НЕ требуется,Задание указано на доске. Подлисывать бланк НЕ требуется,0.9821428571428571,0.017857142857142856,0.125,0-0.1
1_1.png,1,АБВГДЕЁЖЗ ИЙКЛМНОПРСТ У,ЯБЕГДЕЕХ5 ИИКЛМНОПРЕТ Ч,0.6521739130434783,0.34782608695652173,1.0,0.3-0.5
1_1.png,2,ФХЦЧШЩЪЫЬЭЮЯ-0123456789,ФХЦЧШЩЪЫЬ 3ЮЯ-Й1224567 89,0.8333333333333334,0.21739130434782608,3.0,0.2-0.3
1_1.png,3,АБВГДЕЁЖЗ ИЙКЛМНОПРСТ У,ЯБВГДЕЕХ= ИИКАМНОПРСТ Ч,0.6956521739130435,0.30434782608695654,1.0,0.3-0.5
1_1.png,4,ФХЦЧШЩЪЫЬЭЮЯ-0123456789,РХЦЧШЩЪЫЬ 30Я-Й1224567В9,0.723404255319149,0.30434782608695654,2.0,0.3-0.5
1_1.png,5,АБВГДЕЁЖЗ ИЙКЛМНОПРСТ У,АЯБЕГДЕЁХ2 ИИКЛМНОПРСТ ч,0.7659574468085106,0.2608695652173913,1.0,0.2-0.3
1_1.png,6,ФХЦЧШЩЪЫЬЭЮЯ-0123456789,РхЦЧШЩЬЫЬ 309- 8123456787,0.625,0.43478260869565216,3.0,0.3-0.5
1_1.png,7,АБВГДЕЁЖЗ ИЙКЛМНОПРСТ У,чо Ире: т п и!,0.16216216216216217,0.9130434782608695,1.6666666666666667,0.5-1.0
1_1.png,8,ФХЦЧШЩЪЫЬЭЮЯ-0123456789,ВБЕГДЕЕУЗИЙКЛИНОП УФХ ЦЧЬЩЬМЬ,0.23076923076923078,1.2608695652173914,3.0,>1.0
1_1.png,9,АБВГДЕЁЖЗ ИЙКЛМНОПРСТ У,ЮЯ- 127456789,0.05555555555555555,0.9565217391304348,1.0,0.5-1.0
1_1.png,10,ФХЦЧШЩЪЫЬЭЮЯ-0123456789,НЕеВГДЕЁХУИИКАМНОП Р[ТУФХЦЧЬЦЩУЫЬ 3,0.27586206896551724,1.4782608695652173,3.0,>1.0
1_1.png,11,АБВГДЕЁЖЗИЙ КЛМНОПРСТ УФХЦЧШЩЪЫЬЭ,№Я-9125456769,0.0,1.0,1.0,>1.0
1_1.png,12,ЮЯ-0123456789,АБЕГДЕЕЖ2ИИКАМНОП РЕТУФХЦЧИЩЪЫЬ 3,0.08695652173913043,2.4615384615384617,3.0,>1.0
1_1.png,13,АБВГДЕЁЖЗИЙ КЛМНОПРСТ УФХЦЧШЩЪЫЬЭ,127456789,0.0,1.0,1.0,>1.0
1_1.png,14,ЮЯ-0123456789,и 1) ть,0.1,0.9230769230769231,3.0,0.5-1.0
1_1.png,15,АБВГДЕЁЖЗИЙ КЛМНОПРСТ УФХЦЧШЩЪЫЬЭ,ПБЕГЛЕЁХ2 ИИкАмНОй РЕТУ®ХЦЧиЩЬЫЬ 3,0.47761194029850745,0.6060606060606061,1.3333333333333333,0.5-1.0
1_1.png,16,ЮЯ-0123456789,№НЯ-0125456787,0.7407407407407407,0.3076923076923077,1.0,0.3-0.5
1_2.png,0,Задание указано на доске. Подписывать бланк НЕ требуется,Задание указано на доске. Подписывать бланк НЕ требуется,1.0,0.0,0.0,0-0.1
1_2.png,1,АБВГДЕЁЖЗ ИЙКЛМНОПРСТ У,ЯБЕГАЕЕХЗ ИИКЛМНОПРСТ Ч,0.6521739130434783,0.30434782608695654,1.0,0.3-0.5
1_2.png,2,ФХЦЧШЩЪЫЬЭЮЯ-0123456789,РХЦУЩЬНЬ3НЯ-Й12745 67 Е,0.5217391304347826,0.5217391304347826,3.0,0.5-1.0
1_2.png,3,АБВГДЕЁЖЗ ИЙКЛМНОПРСТ У,АБЬБГОЕЕХ А ИИКАМНОПРЕТ Ч,0.5833333333333334,0.4782608695652174,1.3333333333333333,0.3-0.5
1_2.png,4,ФХЦЧШЩЪЫЬЭЮЯ-0123456789,РХЦНШШЬЫЬ 30Я-1127456769,0.5957446808510638,0.43478260869565216,2.0,0.3-0.5
1_2.png,5,АБВГДЕЁЖЗ ИЙКЛМНОПРСТ У,ЯБВГЛЕЕХ А ИИКАМНОПРСТ Ч,0.6382978723404256,0.391304347826087,1.3333333333333333,0.3-0.5
1_2.png,6,ФХЦЧШЩЪЫЬЭЮЯ-0123456789,РХУЧШЩЗЫЬ 30-12745 в НЕ,0.4782608695652174,0.5652173913043478,4.0,0.5-1.0
1_2.png,7,АБВГДЕЁЖЗ ИЙКЛМНОПРСТ У,ВЬВГАЕЕХ ИИКАМНОПРЕТ Ч,0.5777777777777777,0.43478260869565216,1.0,0.3-0.5
1_2.png,8,ФХЦЧШЩЪЫЬЭЮЯ-0123456789,хУчШиЗЬЬ ЭЯ-#12724967Н9,0.4782608695652174,0.6086956521739131,2.0,0.5-1.0
1_2.png,9,АБВГДЕЁЖЗ ИЙКЛМНОПРСТ У,АЯБРГАЕЁХЗИЙКЛИНОПРСТ УФХУЧЕЩЬЫЬЭЮ,0.631578947368421,0.7391304347826086,1.0,0.5-1.0
1_2.png,10,ФХЦЧШЩЪЫЬЭЮЯ-0123456789,Я-Й1274567 89,0.5555555555555556,0.6086956521739131,2.0,0.5-1.0
1_2.png,11,АБВГДЕЁЖЗИЙ КЛМНОПРСТ УФХЦЧШЩЪЫЬЭ,ЯБЕГАЕЕХАИЙКАМНОПРЕТ УФУЦЧИЦЬНЬ ЭЮ,0.5373134328358209,0.48484848484848486,1.0,0.3-0.5
1_2.png,12,ЮЯ-0123456789,Я-112$456709,0.72,0.3076923076923077,1.0,0.3-0.5
1_2.png,13,АБВГДЕЁЖЗИЙ КЛМНОПРСТ УФХЦЧШЩЪЫЬЭ,ЯБВГАЕЕХ 2` ИИКАМНОПРСТ УФХУЧУЦЪЬЬ 3,0.5797101449275363,0.48484848484848486,1.6666666666666667,0.3-0.5
1_2.png,14,ЮЯ-0123456789,ЮЯ-#177456789,0.7692307692307693,0.23076923076923078,1.0,0.2-0.3
1_2.png,15,АБВГДЕЁЖЗИЙ КЛМНОПРСТ УФХЦЧШЩЪЫЬЭ,НЕвГДЕЕХЗИЙКАМНОПРСТ УФХЦЧИЩЬЫЬ 98,0.6865671641791045,0.36363636363636365,1.0,0.3-0.5
1_2.png,16,ЮЯ-0123456789,Я-0123456789,0.96,0.07692307692307693,1.0,0-0.1
1_2.png,17,АБВГДЕЁЖЗИЙ КЛМНОПРСТ УФХЦЧШЩЪЫЬЭ,ВБРГ АЕЕУЗИИКАМНОПРСТ УФХУЧИЦЩЬЬЬ 3%,0.5507246376811594,0.5151515151515151,1.3333333333333333,0.5-1.0
1_2.png,18,ЮЯ-0123456789,яЯ-Й 1923456709,0.7142857142857143,0.38461538461538464,2.0,0.3-0.5
1_3.png,0,Задание указано на доске. Подписывать бланк НЕ требуется,НЬБГДЕЕХЗ ИИКЛМНОПРЕТ 4,0.0759493670886076,0.9464285714285714,1.0,0.5-1.0
1_3.png,1,АБВГДЕЁЖЗ ИЙКЛМНОПРСТ У,ФХичиЩЬЫЬ 369-@1224567 89,0.08333333333333333,1.0,1.0,>1.0
1_3.png,2,ФХЦЧШЩЪЫЬЭЮЯ-0123456789,НЬВГОЕЕХ5 ИЙКАМНОПРСТ Ч,0.08695652173913043,1.0,3.0,>1.0
1_3.png,3,АБВГДЕЁЖЗ ИЙКЛМНОПРСТ У,РХИЧШЩЬЫЬ 3ЮЯ-Й 122455789,0.125,1.0434782608695652,1.0,>1.0
1_3.png,4,ФХЦЧШЩЪЫЬЭЮЯ-0123456789,НЫВГОЕЕХА ИИКАМНЕПАГТ +,0.043478260869565216,1.0,3.0,>1.0
1_3.png,5,АБВГДЕЁЖЗ ИЙКЛМНОПРСТ У,ХЦ ЬЫВ 2НЯ-Й12#456758,0.13636363636363635,0.9565217391304348,1.0,0.5-1.0
1_3.png,6,ФХЦЧШЩЪЫЬЭЮЯ-0123456789,НБВГДЕЕХ= ИИК АМНОПРЕТ в,0.0425531914893617,1.0434782608695652,4.0,>1.0
1_3.png,7,АБВГДЕЁЖЗ ИЙКЛМНОПРСТ У,Фхичащьыь ЭЮЯ-И12746 6788,0.125,1.0434782608695652,1.0,>1.0
1_3.png,8,ФХЦЧШЩЪЫЬЭЮЯ-0123456789,ЯБЕГДЕЕУ2 ИЙКАМНОРСТ УФХЦЧШЩЗЫЬУЮ,0.32142857142857145,1.434782608695652,3.0,>1.0
1_3.png,9,АБВГДЕЁЖЗ ИЙКЛМНОПРСТ У,Я- 01274567860 П,0.10256410256410256,0.9130434782608695,1.0,0.5-1.0
1_3.png,10,ФХЦЧШЩЪЫЬЭЮЯ-0123456789,АБВГДЕЕХЗ ИЙКАМНОПРСТ УФХЦЧИЦЗЫЬЯ,0.25,1.391304347826087,3.0,>1.0
1_3.png,11,АБВГДЕЁЖЗИЙ КЛМНОПРСТ УФХЦЧШЩЪЫЬЭ,09-1712#456788,0.0,1.0,1.0,>1.0
1_3.png,12,ЮЯ-0123456789,ЯБВТЦЕЕХЗ ИИКАМНОПРЕТ УФУЧчЬЩЬНьЗ,0.043478260869565216,2.5384615384615383,3.0,>1.0
1_3.png,13,АБВГДЕЁЖЗИЙ КЛМНОПРСТ УФХЦЧШЩЪЫЬЭ,$Я-/ 122452789,0.0425531914893617,0.9696969696969697,1.0,0.5-1.0
1_3.png,14,ЮЯ-0123456789,АБЕГДЕЕХ 2 ИЙКАМНОПРЕТ УФХЦЧЬВЪЫЬ 3,0.08333333333333333,2.6153846153846154,5.0,>1.0
1_3.png,15,АБВГДЕЁЖЗИЙ КЛМНОПРСТ УФХЦЧШЩЪЫЬЭ,69-012}456789,0.0,1.0,1.0,>1.0
1_3.png,16,ЮЯ-0123456789,АБЕГДЕЁХЯ ИЙКАМНООРСТ УФХуЧЕЩЪЫЬ 3,0.0851063829787234,2.5384615384615383,4.0,>1.0
1_3.png,17,АБВГДЕЁЖЗИЙ КЛМНОПРСТ УФХЦЧШЩЪЫЬЭ,ЮЯ-012$4567608,0.0,1.0,1.0,>1.0
1_4.png,0,Задание указано на доске. Подписывать бланк НЕ требуется,Задание указано на доске. Подписывать бланк НЕ требуется,1.0,0.0,0.0,0-0.1
1_4.png,1,АБВГДЕЁЖЗ ИЙКЛМНОПРСТ У,АБВГЦПЕЕХА ИИКАМНОПРЕТ ч,0.6382978723404256,0.391304347826087,1.0,0.3-0.5
1_4.png,2,ФХЦЧШЩЪЫЬЭЮЯ-0123456789,ФХЦЧШЦЪЫЬ ЗЮЯ-Й127456789,0.8085106382978723,0.21739130434782608,2.0,0.2-0.3
1_4.png,3,АБВГДЕЁЖЗ ИЙКЛМНОПРСТ У,АБЕГДЕЕХ5 ИИКАМНОПРСТ Ч,0.6956521739130435,0.30434782608695654,1.0,0.3-0.5
1_4.png,4,ФХЦЧШЩЪЫЬЭЮЯ-0123456789,ФХЦУШИЗЫЬ 30Я-Й12#456788,0.6382978723404256,0.391304347826087,2.0,0.3-0.5
1_4.png,5,АБВГДЕЁЖЗ ИЙКЛМНОПРСТ У,АБЕГПЕЕХА ИИКЛМНОПРСЕТ Ч,0.6808510638297872,0.34782608695652173,1.0,0.3-0.5
1_4.png,6,ФХЦЧШЩЪЫЬЭЮЯ-0123456789,ФХЦЧШЩЬЫЬ ЭНЯ-И12#456785,0.7659574468085106,0.2608695652173913,2.0,0.2-0.3
1_4.png,7,АБВГДЕЁЖЗ ИЙКЛМНОПРСТ У,АБВГПЕЕХ2А ИИКАЛАМНОПРЕТ Ч,0.6530612244897959,0.43478260869565216,1.0,0.3-0.5
1_4.png,8,ФХЦЧШЩЪЫЬЭЮЯ-0123456789,ФХИЧШИЗЪЫЬ ЗНЯ-И1224567 [8,0.6530612244897959,0.4782608695652174,3.0,0.3-0.5
1_4.png,9,АБВГДЕЁЖЗ ИЙКЛМНОПРСТ У,НБЕГДЕЕХ2 ИИКАМНОПРСТ УФХЦЧУЩЬНЬ 3,0.5614035087719298,0.782608695652174,1.3333333333333333,0.5-1.0
1_4.png,10,ФХЦЧШЩЪЫЬЭЮЯ-0123456789,ВЯ-Й1224567 89,0.5405405405405406,0.6086956521739131,2.0,0.5-1.0
1_4.png,11,АБВГДЕЁЖЗИЙ КЛМНОПРСТ УФХЦЧШЩЪЫЬЭ,ЯБВГДЕЕХ А ИИКАМНОПРЕТ УФХЦЧШЦЪЫЬ 3,0.6764705882352942,0.3939393939393939,1.6666666666666667,0.3-0.5
1_4.png,12,ЮЯ-0123456789,ЕЕГДЕЕХЯ ИЯКАИНЕПО-Т УЧЕХЦЧЕНЕНЕ 3,0.1276595744680851,2.4615384615384617,4.0,>1.0
1_4.png,13,АБВГДЕЁЖЗИЙ КЛМНОПРСТ УФХЦЧШЩЪЫЬЭ,КЯ-# 122466 ГЕЯ,0.08333333333333333,0.9393939393939394,1.0,0.5-1.0
1_4.png,14,ЮЯ-0123456789,АБЕГДЕЁЖ= ИИКЛМНОПРЕТ УФХЦЧШАЗЬЬ 3,0.0425531914893617,2.6153846153846154,4.0,>1.0
1_4.png,15,АБВГДЕЁЖЗИЙ КЛМНОПРСТ УФХЦЧШЩЪЫЬЭ,НЯ-112340 6789,0.0425531914893617,0.9696969696969697,1.0,0.5-1.0
1_5.png,0,Задание указано на доске. Подписывать бланк НЕ требуется,Задание указано на доске. Подписывать бланк НЕ требуется,1.0,0.0,0.0,0-0.1
1_5.png,1,АБВГДЕЁЖЗ ИЙКЛМНОПРСТ У,ЯБЕГДЕЕХА ИИКЛМНОПРСТ Ч,0.6956521739130435,0.30434782608695654,1.0,0.3-0.5
1_5.png,2,ФХЦЧШЩЪЫЬЭЮЯ-0123456789,ФХЦЧШЦЪЫЬ 309-й1224567 89,0.7083333333333334,0.34782608695652173,3.0,0.3-0.5
1_5.png,3,АБВГДЕЁЖЗ ИЙКЛМНОПРСТ У,НЬРГЦЕЕХ а ИИКАМНИПРЕТ ч,0.46808510638297873,0.5652173913043478,1.3333333333333333,0.5-1.0
1_5.png,4,ФХЦЧШЩЪЫЬЭЮЯ-0123456789,ФХИЧШЩЪЫЬ ЭЮЯ- 01224567898,0.8571428571428571,0.21739130434782608,3.0,0.2-0.3
1_5.png,5,АБВГДЕЁЖЗ ИЙКЛМНОПРСТ У,ЯБЕГДЕЕХ А ИИКАМНОПРЕТ ч,0.5957446808510638,0.43478260869565216,1.3333333333333333,0.3-0.5
1_5.png,6,ФХЦЧШЩЪЫЬЭЮЯ-0123456789,ФХЦЧШЩЪЫЬ 90Я-@12#4567 ВЯ,0.7083333333333334,0.34782608695652173,3.0,0.3-0.5
1_5.png,7,АБВГДЕЁЖЗ ИЙКЛМНОПРСТ У,НЬБГДЕЕХ> ИИКАМНОПРЕТ Ч,0.6086956521739131,0.43478260869565216,1.0,0.3-0.5
1_5.png,8,ФХЦЧШЩЪЫЬЭЮЯ-0123456789,РХИЧШЩЗЫЬ 3ЮЯ-Й12245 6787,0.6666666666666666,0.391304347826087,3.0,0.3-0.5
1_5.png,9,АБВГДЕЁЖЗ ИЙКЛМНОПРСТ У,ЯБВГДЕЕХ =ИИКЛИНОПРЕТ УФХЦЧИЦЪЫЬ ЗЮ,0.5517241379310345,0.8695652173913043,1.3333333333333333,0.5-1.0
1_5.png,10,ФХЦЧШЩЪЫЬЭЮЯ-0123456789,Я-Й127456789,0.5714285714285714,0.5652173913043478,1.0,0.5-1.0
1_5.png,11,АБВГДЕЁЖЗИЙ КЛМНОПРСТ УФХЦЧШЩЪЫЬЭ,АБЕГДЕЕХЗ ИИКАМНОПРГЕТ УФХЦЧиЩЬЬЬ 3,0.6470588235294118,0.42424242424242425,1.3333333333333333,0.3-0.5
1_5.png,12,ЮЯ-0123456789,НЯ-0425456789,0.7692307692307693,0.23076923076923078,1.0,0.2-0.3
1_5.png,13,АБВГДЕЁЖЗИЙ КЛМНОПРСТ УФХЦЧШЩЪЫЬЭ,АБЕГДЕЕХ2 ИИКАМНОПРЕТ УФХЦИЦЩЬЫЬ 7Ю,0.6176470588235294,0.45454545454545453,1.3333333333333333,0.3-0.5
1_5.png,14,ЮЯ-0123456789,Я-012#4567 89,0.8461538461538461,0.23076923076923078,2.0,0.2-0.3
1_5.png,15,АБВГДЕЁЖЗИЙ КЛМНОПРСТ УФХЦЧШЩЪЫЬЭ,ВБВГДЕЕХ 3 ИИКАМНОПРЕТ УФХЦЧЦЩЬЫЬ 3,0.6470588235294118,0.42424242424242425,1.6666666666666667,0.3-0.5
1_5.png,16,ЮЯ-0123456789,ЮЯ-Й 122456789,0.8148148148148148,0.23076923076923078,2.0,0.2-0.3
1_5.png,17,АБВГДЕЁЖЗИЙ КЛМНОПРСТ УФХЦЧШЩЪЫЬЭ,ЯБВГДЕЕХ 2 ИЙКЛМНОПРЕТ УФХИЧЬЮЩЬЫЬ 3,0.6666666666666666,0.42424242424242425,1.6666666666666667,0.3-0.5
1_5.png,18,ЮЯ-0123456789,НЯ-И12 745 (РЯ?,0.42857142857142855,0.6923076923076923,3.0,0.5-1.0
1_6.png,0,Задание указано на доске. Подписывать бланк НЕ требуется,Задание указано на доске. Подписывать бланк НЕ требуется,1.0,0.0,0.0,0-0.1
1_6.png,1,АБВГДЕЁЖЗ ИЙКЛМНОПРСТ У,НЯБЕГДЕЕХ 2 ИЙКЛИНОПРСТ Ч,0.6666666666666666,0.391304347826087,1.3333333333333333,0.3-0.5
1_6.png,2,ФХЦЧШЩЪЫЬЭЮЯ-0123456789,ТХЦУШЩЪЫ ЬЗЮЯ- 0127456789,0.7916666666666666,0.2608695652173913,3.0,0.2-0.3
1_6.png,3,АБВГДЕЁЖЗ ИЙКЛМНОПРСТ У,НЕЕГДЕЕХА ИЙКАМНОПРСТ 9,0.6521739130434783,0.34782608695652173,1.0,0.3-0.5
1_6.png,4,ФХЦЧШЩЪЫЬЭЮЯ-0123456789,РХУНИЩЬЫЬЗЮЯ- -й122АВЬГВЫ,0.375,0.6956521739130435,2.0,0.5-1.0
1_6.png,5,АБВГДЕЁЖЗ ИЙКЛМНОПРСТ У,ПЬАГДЕЕХ а ИИКАМНОПРГТ Ч,0.5957446808510638,0.4782608695652174,1.3333333333333333,0.3-0.5
1_6.png,6,ФХЦЧШЩЪЫЬЭЮЯ-0123456789,ХЦЧШЩЬЫЬ9ЮЯ-И 12748 6?В9,0.6382978723404256,0.43478260869565216,3.0,0.3-0.5
1_6.png,7,АБВГДЕЁЖЗ ИЙКЛМНОПРСТ У,НЬВГЦЕЕЖЯ ИИКАМНОПЕГТ Ч,0.5652173913043478,0.43478260869565216,1.0,0.3-0.5
1_6.png,8,ФХЦЧШЩЪЫЬЭЮЯ-0123456789,РХЦЧИЩЬыЬЗЮЯ- 1127456759,0.6382978723404256,0.391304347826087,2.0,0.3-0.5
1_6.png,9,АБВГДЕЁЖЗ ИЙКЛМНОПРСТ У,ИБЕГЦЕЕХ 3} ИИКЛИНОПРЕТ ЧФХЦЧИЩЪЫЬЯ,0.4482758620689655,0.9565217391304348,1.3333333333333333,0.5-1.0
1_6.png,10,ФХЦЧШЩЪЫЬЭЮЯ-0123456789,ия- 12345 67В9НБЕГД,0.42857142857142855,0.8695652173913043,3.0,0.5-1.0
1_6.png,11,АБВГДЕЁЖЗИЙ КЛМНОПРСТ УФХЦЧШЩЪЫЬЭ,АБАГДЕЕЖЗИИ КАИНИИРСТАФХиЧУЩЬЫ 5 ЗЮЯ,0.5507246376811594,0.5454545454545454,1.3333333333333333,0.5-1.0
1_6.png,12,ЮЯ-0123456789,-012241 4789,0.64,0.46153846153846156,2.0,0.3-0.5
1_6.png,13,АБВГДЕЁЖЗИЙ КЛМНОПРСТ УФХЦЧШЩЪЫЬЭ,НБАГДЕЕХЗ ИИКЛМНОПРЕТ УФХАЧИЩЬЬЬЗ,0.6363636363636364,0.3939393939393939,1.0,0.3-0.5
1_6.png,14,ЮЯ-0123456789,0Я- 7123446789,0.7407407407407407,0.3076923076923077,2.0,0.3-0.5
1_6.png,15,АБВГДЕЁЖЗИЙ КЛМНОПРСТ УФХЦЧШЩЪЫЬЭ,АБВГДЕЕХЯ ИЙКАМКОПОст УФХ ЦЧиЩЪыьЗ,0.5970149253731343,0.45454545454545453,1.3333333333333333,0.3-0.5
1_6.png,16,ЮЯ-0123456789,юя-11274467В8,0.5384615384615384,0.5384615384615384,1.0,0.5-1.0
1_6.png,17,АБВГДЕЁЖЗИЙ КЛМНОПРСТ УФХЦЧШЩЪЫЬЭ,БЕГ ДЕЕХЗИЙКАМНОПЕСТ УФХ ину иЪыь 38,0.5507246376811594,0.5757575757575758,2.0,0.5-1.0
1_6.png,18,ЮЯ-0123456789,Я7123446 789,0.72,0.38461538461538464,2.0,0.3-0.5
1_7.png,0,Задание указано на доске. Подписывать бланк НЕ требуется,Задание указано на доске. Подписывать бланк НЕ требуется,1.0,0.0,0.0,0-0.1
1_7.png,1,АБВГДЕЁЖЗ ИЙКЛМНОПРСТ У,НЬБГДЕЕХ = ИИКЛАМНОПРЕТ Ч,0.625,0.4782608695652174,1.3333333333333333,0.3-0.5
1_7.png,2,ФХЦЧШЩЪЫЬЭЮЯ-0123456789,ФХЦНШУЩЬЫЬ 3ЮЯ-И127456787,0.7083333333333334,0.34782608695652173,2.0,0.3-0.5
1_7.png,3,АБВГДЕЁЖЗ ИЙКЛМНОПРСТ У,ЯБЕГДЕЕХ5 ИИКЛАМНОПРЕТ Ч,0.6382978723404256,0.391304347826087,1.0,0.3-0.5
1_7.png,4,ФХЦЧШЩЪЫЬЭЮЯ-0123456789,УХЦЧИЦЪЫЬ 3НЯ-171274567 67,0.5714285714285714,0.5217391304347826,3.0,0.5-1.0
1_7.png,5,АБВГДЕЁЖЗ ИЙКЛМНОПРСТ У,АЯББГПЕЕХА ИИКАМНОПРЕТ Ч,0.5957446808510638,0.43478260869565216,1.0,0.3-0.5
1_7.png,6,ФХЦЧШЩЪЫЬЭЮЯ-0123456789,ФХЦУИЦЪЫЬ ЗЮЯ-Й 122456789,0.7083333333333334,0.34782608695652173,3.0,0.3-0.5
1_7.png,7,АБВГДЕЁЖЗ ИЙКЛМНОПРСТ У,ЯБЕГЦЕЕХ 2 ИИКАМНОПЯСТ ч,0.5531914893617021,0.4782608695652174,1.3333333333333333,0.3-0.5
1_7.png,8,ФХЦЧШЩЪЫЬЭЮЯ-0123456789,ФхЦЧШИТЪЫЬ 30Я-14274567Г 88,0.64,0.5217391304347826,3.0,0.5-1.0
1_7.png,9,АБВГДЕЁЖЗ ИЙКЛМНОПРСТ У,АЯБЕГДЕЕХ2 ИИКАМНОПРЕТ УФУЦУУЬМЬ 3,0.5614035087719298,0.782608695652174,1.3333333333333333,0.5-1.0
1_7.png,10,ФХЦЧШЩЪЫЬЭЮЯ-0123456789,КЯ-(127454788,0.4444444444444444,0.6521739130434783,1.0,0.5-1.0
1_7.png,11,АБВГДЕЁЖЗИЙ КЛМНОПРСТ УФХЦЧШЩЪЫЬЭ,ЯБЕГДЕЕХ2 ИЙКАМНОПРСТ УФХиЧУЩЪМЬ 3,0.6567164179104478,0.3939393939393939,1.3333333333333333,0.3-0.5
1_7.png,12,ЮЯ-0123456789,ЮЯ-И127456( 89,0.7407407407407407,0.3076923076923077,2.0,0.3-0.5
1_7.png,13,АБВГДЕЁЖЗИЙ КЛМНОПРСТ УФХЦЧШЩЪЫЬЭ,ПБЕГДЕЕХ2 ИИКЛИНОПРЕТ УФХЦУаа 3,0.53125,0.5151515151515151,1.3333333333333333,0.5-1.0
1_7.png,14,ЮЯ-0123456789,ЮЯ-Й 12745 40 ВЯ,0.4827586206896552,0.6923076923076923,4.0,0.5-1.0
1_7.png,15,АБВГДЕЁЖЗИЙ КЛМНОПРСТ УФХЦЧШЩЪЫЬЭ,НБЕГДЕЕХА ИйкимнопАст УУЦЧУиЫ 3,0.3125,0.7272727272727273,1.3333333333333333,0.5-1.0
1_7.png,16,ЮЯ-0123456789,ЮЯ-11224567 89,0.8148148148148148,0.23076923076923078,2.0,0.2-0.3
1_7.png,17,АБВГДЕЁЖЗИЙ КЛМНОПРСТ УФХЦЧШЩЪЫЬЭ,НЕВГОЕЕ ХА ИЙКЛМНВПРЕТ УФА ачвцЪЬЬ 3,0.4927536231884058,0.6060606060606061,2.0,0.5-1.0
1_7.png,18,ЮЯ-0123456789,09-И 122454789,0.5925925925925926,0.46153846153846156,2.0,0.3-0.5
1_8.png,0,Задание указано на доске. Подписывать бланк НЕ требуется,Задание указано на доске. Подписывать бланк НЕ требуется,1.0,0.0,0.0,0-0.1
1_8.png,1,АБВГДЕЁЖЗ ИЙКЛМНОПРСТ У,ЯБЕГДЕЕХ 5 ИЙКЛМНОПРСТ Ч,0.723404255319149,0.30434782608695654,1.0,0.3-0.5
1_8.png,2,ФХЦЧШЩЪЫЬЭЮЯ-0123456789,ФУЦЧЬЩУУЬ ЗЮЯ-Й 122456789,0.6666666666666666,0.391304347826087,3.0,0.3-0.5
1_8.png,3,АБВГДЕЁЖЗ ИЙКЛМНОПРСТ У,ЯБЕГДЕЁХ2 ИИКЛМНОПРЕТ Ч,0.6956521739130435,0.30434782608695654,1.0,0.3-0.5
1_8.png,4,ФХЦЧШЩЪЫЬЭЮЯ-0123456789,ФХУЧШЩЪЫЬ ЭЮЯ-Й127456789,0.851063829787234,0.17391304347826086,2.0,0.1-0.2
1_8.png,5,АБВГДЕЁЖЗ ИЙКЛМНОПРСТ У,АЯБЕГДЕЕХ 2 ИИКАМНОПРСТ Ч,0.6666666666666666,0.391304347826087,1.3333333333333333,0.3-0.5
1_8.png,6,ФХЦЧШЩЪЫЬЭЮЯ-0123456789,ФХЦЧИЩУЫЬ ЗЮЯ-(12245478#,0.6808510638297872,0.34782608695652173,2.0,0.3-0.5
1_8.png,7,АБВГДЕЁЖЗ ИЙКЛМНОПРСТ У,АБЕГАЕЕХ2 ИИКАМНОПРСТ Ч,0.6521739130434783,0.34782608695652173,1.0,0.3-0.5
1_8.png,8,ФХЦЧШЩЪЫЬЭЮЯ-0123456789,ФУуцН]иЪыь 30Я-Й4 72454789,0.40816326530612246,0.7391304347826086,3.0,0.5-1.0
1_8.png,9,АБВГДЕЁЖЗ ИЙКЛМНОПРСТ У,ЯБВГАЕЕХ2 ИИКЛМНОПРЕТ УФХиЧЩУМЬ 3,0.5714285714285714,0.7391304347826086,1.3333333333333333,0.5-1.0
1_8.png,10,ФХЦЧШЩЪЫЬЭЮЯ-0123456789,ЮЯ-14232456789,0.6486486486486487,0.5652173913043478,1.0,0.5-1.0
1_8.png,11,АБВГДЕЁЖЗИЙ КЛМНОПРСТ УФХЦЧШЩЪЫЬЭ,ЯБВГЛЕЕХ 2 КИКАМНОПЕСТ УФУЦЧУЩЗЫЬ 3,0.5882352941176471,0.48484848484848486,1.6666666666666667,0.3-0.5
1_8.png,12,ЮЯ-0123456789,№Я-94 22454799,0.5185185185185185,0.5384615384615384,2.0,0.5-1.0
1_8.png,13,АБВГДЕЁЖЗИЙ КЛМНОПРСТ УФХЦЧШЩЪЫЬЭ,НЕРГДЕЕХЗ ИХКАКНОПРЕТ ЦФХЦНУдУЬ 3,0.48484848484848486,0.5757575757575758,1.3333333333333333,0.5-1.0
1_8.png,14,ЮЯ-0123456789,(Я- 9422456799,0.5925925925925926,0.46153846153846156,2.0,0.3-0.5
1_8.png,15,АБВГДЕЁЖЗИЙ КЛМНОПРСТ УФХЦЧШЩЪЫЬЭ,ЯБИГДЕЕХЗ ИИКАННОПРЕТ НУХиниЩьыьЗ,0.48484848484848486,0.5757575757575758,1.0,0.5-1.0
1_8.png,16,ЮЯ-0123456789,Я- 94224567879,0.6666666666666666,0.46153846153846156,2.0,0.3-0.5
1_8.png,17,АБВГДЕЁЖЗИЙ КЛМНОПРСТ УФХЦЧШЩЪЫЬЭ,ЯБЕГЯЕЕ АХ ИИКАМНОПРЕТ УЗХиЧивУЫВ 9,0.4117647058823529,0.6060606060606061,1.6666666666666667,0.5-1.0
1_8.png,18,ЮЯ-0123456789,ЮЯ- 1122454789,0.7407407407407407,0.3076923076923077,2.0,0.3-0.5
1_9.png,0,Задание указано на доске. Подписывать бланк НЕ требуется,Задание указано на доске. Подписывать бланк НЕ требуется,1.0,0.0,0.0,0-0.1
1_9.png,1,АБВГДЕЁЖЗ ИЙКЛМНОПРСТ У,АЯБЕГЦЕЁУЗ ИИКЛМНОПРСТ Ч,0.7659574468085106,0.2608695652173913,1.0,0.2-0.3
1_9.png,2,ФХЦЧШЩЪЫЬЭЮЯ-0123456789,ФХЦЧШЦЪЫЬ Э4Я-012#456788,0.8085106382978723,0.21739130434782608,2.0,0.2-0.3
1_9.png,3,АБВГДЕЁЖЗ ИЙКЛМНОПРСТ У,АБЕГДЕЕХЯ ИИКЛМНОПРЕТ Ч,0.6956521739130435,0.30434782608695654,1.0,0.3-0.5
1_9.png,4,ФХЦЧШЩЪЫЬЭЮЯ-0123456789,ФХЦЧУЩЪЫЬ 3329- 0-12#456789,0.72,0.391304347826087,3.0,0.3-0.5
1_9.png,5,АБВГДЕЁЖЗ ИЙКЛМНОПРСТ У,АБЕГДЕЕХ ИЙКЛМНОПРСТ Ч,0.8,0.21739130434782608,0.6666666666666666,0.2-0.3
1_9.png,6,ФХЦЧШЩЪЫЬЭЮЯ-0123456789,ФУЦЧШЦЪЫЬ ЭЮЯ-Й123245 6789,0.8163265306122449,0.2608695652173913,3.0,0.2-0.3
1_9.png,7,АБВГДЕЁЖЗ ИЙКЛМНОПРСТ У,ЗЕРГДЕЁХ А ИЙКЛМИОПРЕТ Ч,0.6382978723404256,0.391304347826087,1.3333333333333333,0.3-0.5
1_9.png,8,ФХЦЧШЩЪЫЬЭЮЯ-0123456789,ТУЦУШЦЪЫЕ 3ЮЯ-Р 122456789,0.625,0.43478260869565216,3.0,0.3-0.5
1_9.png,9,АБВГДЕЁЖЗ ИЙКЛМНОПРСТ У,ЯЭЕВГДЕЕХЗИЙ КАМНОПРЕТ ЧФУЦОЧ ВН 7,0.5614035087719298,0.8260869565217391,1.6666666666666667,0.5-1.0
1_9.png,10,ФХЦЧШЩЪЫЬЭЮЯ-0123456789,ЮЯ-0122456289,0.6111111111111112,0.5217391304347826,1.0,0.5-1.0
1_9.png,11,АБВГДЕЁЖЗИЙ КЛМНОПРСТ УФХЦЧШЩЪЫЬЭ,НЕВГЛЕЕХЗИНИ КАМЫОПРЕТ ЧфХЦчешЪыь 3,0.47058823529411764,0.5757575757575758,1.3333333333333333,0.5-1.0
1_9.png,12,ЮЯ-0123456789,кЯ-2123456799,0.7692307692307693,0.23076923076923078,1.0,0.2-0.3
1_9.png,13,АБВГДЕЁЖЗИЙ КЛМНОПРСТ УФХЦЧШЩЪЫЬЭ,ЯБВГДЕЕЖЯКИ КАМНОПРСТ УЗФУЦЧОЩЪЬЬЗ,0.7164179104477612,0.3333333333333333,1.0,0.3-0.5
1_9.png,14,ЮЯ-0123456789,№Я-0122456799,0.7692307692307693,0.23076923076923078,1.0,0.2-0.3
1_9.png,15,АБВГДЕЁЖЗИЙ КЛМНОПРСТ УФХЦЧШЩЪЫЬЭ,ЯБЕГДЕЕХЗИЙ КАМИОПРСТ УФХЦЧЬЩЗЫЬ 3,0.7164179104477612,0.30303030303030304,1.3333333333333333,0.3-0.5
1_9.png,16,ЮЯ-0123456789,ЮЯ-0422456209,0.6923076923076923,0.3076923076923077,1.0,0.3-0.5
1_10.png,0,Задание указано на доске. Подписывать бланк НЕ требуется,Задание указано на доске. Подписывать бланк НЕ требуется,1.0,0.0,0.0,0-0.1
1_10.png,1,АБВГДЕЁЖЗ ИЙКЛМНОПРСТ У,АБВГДЕЕХ2 ИИКЛМНОПРСЕТ Ч,0.7659574468085106,0.2608695652173913,1.0,0.2-0.3
1_10.png,2,ФХЦЧШЩЪЫЬЭЮЯ-0123456789,ФХЦЧШЩЬЫЬ 3ЮЯ-Й1224567В9,0.7659574468085106,0.2608695652173913,2.0,0.2-0.3
1_10.png,3,АБВГДЕЁЖЗ ИЙКЛМНОПРСТ У,АБЕГДЕЕХ а ИИКЛМНОПРЕТ ч,0.6808510638297872,0.34782608695652173,1.3333333333333333,0.3-0.5
1_10.png,4,ФХЦЧШЩЪЫЬЭЮЯ-0123456789,ФХИЧЬШЪЫЬ ЗВЯ-Й422456788,0.6382978723404256,0.43478260869565216,2.0,0.3-0.5
1_10.png,5,АБВГДЕЁЖЗ ИЙКЛМНОПРСТ У,АЯБВГЛЕЕХА ИИКАМНОПРЕТ  ЧХЦУЩАыЫЬ,0.5714285714285714,0.7391304347826086,1.0,0.5-1.0
1_10.png,6,ФХЦЧШЩЪЫЬЭЮЯ-0123456789,30Я-Й 122456789,0.5263157894736842,0.6086956521739131,2.0,0.5-1.0
1_10.png,7,АБВГДЕЁЖЗ ИЙКЛМНОПРСТ У,НбЕГЩОЕЕХ2 ИИКАМНОПРЕТ УФХичШыЪыь 3,0.4482758620689655,0.9565217391304348,1.3333333333333333,0.5-1.0
1_10.png,8,ФХЦЧШЩЪЫЬЭЮЯ-0123456789,ЮЯ- 1122458 ?89,0.47368421052631576,0.6956521739130435,3.0,0.5-1.0
1_10.png,9,АБВГДЕЁЖЗ ИЙКЛМНОПРСТ У,ЯБАГДЕЕХ ИИКАМНОЛРЕТ Чех шьтнй 2,0.4727272727272727,0.8695652173913043,1.6666666666666667,0.5-1.0
1_10.png,10,ФХЦЧШЩЪЫЬЭЮЯ-0123456789,(Ч -Ила74янг ИР,0.15789473684210525,0.9130434782608695,3.0,0.5-1.0
2_1.png,0,Задание указано на доске. Подписывать бланк НЕ требуется,Задание указано на доске. Подписывать бланк НЕ требуется,1.0,0.0,0.0,0-0.1
2_1.png,1,АБВГДЕЁЖЗ ИЙКЛМНОПРСТ У,АЯБВГПЕЕХ= ИИКЛМНОПРСЕТ Ч,0.7083333333333334,0.34782608695652173,1.0,0.3-0.5
2_1.png,2,ФХЦЧШЩЪЫЬЭЮЯ-0123456789,ФХИЧШЦЪЫЬ 309 - #127456789,0.6530612244897959,0.43478260869565216,4.0,0.3-0.5
2_1.png,3,АБВГДЕЁЖЗ ИЙКЛМНОПРСТ У,ЯБВГЦЕЕХ А ИИКАМНОПРСТ Ч,0.6382978723404256,0.391304347826087,1.3333333333333333,0.3-0.5
2_1.png,4,ФХЦЧШЩЪЫЬЭЮЯ-0123456789,ФХЦНЩЩЪЫЬ 3ЮЯ-Й 127456789,0.75,0.30434782608695654,3.0,0.3-0.5
2_1.png,5,АБВГДЕЁЖЗ ИЙКЛМНОПРСТ У,ЯБВГПЕЁЕХ 2 ИЙКЛМНОПРСТ в,0.75,0.30434782608695654,1.0,0.3-0.5
2_1.png,6,ФХЦЧШЩЪЫЬЭЮЯ-0123456789,ФХИЧИЩЬЫЕ 30Я-0127454789,0.6382978723404256,0.391304347826087,2.0,0.3-0.5
2_1.png,7,АБВГДЕЁЖЗ ИЙКЛМНОПРСТ У,АЯБЕГЛЕЁХА ИЙКАМНОПРСТ Ч,0.723404255319149,0.30434782608695654,1.0,0.3-0.5
2_1.png,8,ФХЦЧШЩЪЫЬЭЮЯ-0123456789,РХЦЧШЩЗЫЬ 969Я-Й12245 4785,0.6122448979591837,0.4782608695652174,3.0,0.3-0.5
2_1.png,9,АБВГДЕЁЖЗ ИЙКЛМНОПРСТ У,АБЕГДЕЕХ2 ИЙКАМНОПРСТ УФХиЧИМЪЫЬ 3,0.631578947368421,0.6956521739130435,1.3333333333333333,0.5-1.0
2_1.png,10,ФХЦЧШЩЪЫЬЭЮЯ-0123456789,6Я-01224567 89,0.5945945945945946,0.5652173913043478,2.0,0.5-1.0
2_1.png,11,АБВГДЕЁЖЗИЙ КЛМНОПРСТ УФХЦЧШЩЪЫЬЭ,ИБРГДЕЕХЗ ИИКАМНОПРСТ УФХЦЧШЩЪЫЬ 3,0.746268656716418,0.30303030303030304,1.3333333333333333,0.3-0.5
2_1.png,12,ЮЯ-0123456789,ЮЯ-й122456789,0.8461538461538461,0.15384615384615385,1.0,0.1-0.2
2_1.png,13,АБВГДЕЁЖЗИЙ КЛМНОПРСТ УФХЦЧШЩЪЫЬЭ,ЯЕВГДЕЁХЯ ИИКАМНОПРЕТ УФХ ЦЧиДУЫЬЭ,0.6567164179104478,0.3939393939393939,1.3333333333333333,0.3-0.5
2_1.png,14,ЮЯ-0123456789,ВЯ-0422456789,0.7692307692307693,0.23076923076923078,1.0,0.2-0.3
2_1.png,15,АБВГДЕЁЖЗИЙ КЛМНОПРСТ УФХЦЧШЩЪЫЬЭ,АБЕГОЕЕХЗ ИИКАМНОПРСТ ЧеХиЧещЬыь,0.5538461538461539,0.5151515151515151,1.0,0.5-1.0
2_1.png,16,ЮЯ-0123456789,8Я-И122456 РВБ,0.5185185185185185,0.5384615384615384,2.0,0.5-1.0
2_1.png,17,АБВГДЕЁЖЗИЙ КЛМНОПРСТ УФХЦЧШЩЪЫЬЭ,АБЕГДЕЕХ2 ИЙКАМНОПРСТ УФХИЧИВАЫЬЗ,0.6666666666666666,0.36363636363636365,1.0,0.3-0.5
2_1.png,18,ЮЯ-0123456789,ЮЯ-1122456788,0.7692307692307693,0.23076923076923078,1.0,0.2-0.3
2_2.png,0,Задание указано на доске. Подписывать бланк НЕ требуется,Задание указано на доске. Подписывать бланк НЕ требуется,1.0,0.0,0.0,0-0.1
2_2.png,1,АБВГДЕЁЖЗ ИЙКЛМНОПРСТ У,АБЕГДЕЕХ2 ИЙКЛМНОПРСТ 3,0.782608695652174,0.21739130434782608,0.6666666666666666,0.2-0.3
2_2.png,2,ФХЦЧШЩЪЫЬЭЮЯ-0123456789,ФХиЧиЩЬЫ 5309 -042345 4789,0.5714285714285714,0.5217391304347826,4.0,0.5-1.0
2_2.png,3,АБВГДЕЁЖЗ ИЙКЛМНОПРСТ У,ВБЕГ ДЕЕХ А ИИКЛМНВПРЕТ Ч,0.5833333333333334,0.4782608695652174,1.6666666666666667,0.3-0.5
2_2.png,4,ФХЦЧШЩЪЫЬЭЮЯ-0123456789,ЭХЦЧИЩЬЫ Ь 39-2745 6788,0.5652173913043478,0.5217391304347826,4.0,0.5-1.0
2_2.png,5,АБВГДЕЁЖЗ ИЙКЛМНОПРСТ У,. ра ‹ = Г,0.06060606060606061,0.9130434782608695,1.6666666666666667,0.5-1.0
2_2.png,6,ФХЦЧШЩЪЫЬЭЮЯ-0123456789,АБЫ ПЕБАЯ | ИК МНЫНО СТ =,0.08333333333333333,1.0869565217391304,7.0,>1.0
2_2.png,7,АБВГДЕЁЖЗ ИЙКЛМНОПРСТ У,АЦ зим И 77452 в,0.20512820512820512,0.8260869565217391,1.6666666666666667,0.5-1.0
2_2.png,8,ФХЦЧШЩЪЫЬЭЮЯ-0123456789,ЯБЕГДЕЕХ ИИК МАС ЕТ -,0.09090909090909091,1.0,5.0,>1.0
2_2.png,9,АБВГДЕЁЖЗ ИЙКЛМНОПРСТ У,ФИН ВИ ЗНЫ-Й 22 АБТ,0.14285714285714285,0.9130434782608695,1.6666666666666667,0.5-1.0
2_2.png,10,ФХЦЧШЩЪЫЬЭЮЯ-0123456789,ИБЕГЩЕЕХ: ИИКЛИНИПРЕТ У9ХЦЧищьы в,0.10714285714285714,1.391304347826087,4.0,>1.0
2_2.png,11,АБВГДЕЁЖЗИЙ КЛМНОПРСТ УФХЦЧШЩЪЫЬЭ,0Я-# 12345678,0.043478260869565216,0.9696969696969697,1.0,0.5-1.0
2_2.png,12,ЮЯ-0123456789,ЯБЕГЦЕЕ 2 ИЙКЛУНОПРГЕТ УЗХЦУЧШЩЪЫ 3,0.125,2.6153846153846154,5.0,>1.0
2_2.png,13,АБВГДЕЁЖЗИЙ КЛМНОПРСТ УФХЦЧШЩЪЫЬЭ,Я -и12545С7ЕЯ,0.043478260869565216,0.9393939393939394,1.0,0.5-1.0
2_2.png,14,ЮЯ-0123456789,ЯБРГДЕЕЖа УЙКАМИПИВрт УФХхичимЪы ьЗ,0.041666666666666664,2.6923076923076925,4.0,>1.0
2_2.png,15,АБВГДЕЁЖЗИЙ КЛМНОПРСТ УФХЦЧШЩЪЫЬЭ,ЮЯ-И4224567 ВЯ,0.0425531914893617,0.9393939393939394,1.0,0.5-1.0
2_2.png,16,ЮЯ-0123456789,АБЕГДЕЕ ХХ ИЙКЛИНАПРЕГ УХиЧУЩМЬЗ,0.0,2.4615384615384617,4.0,>1.0
2_2.png,17,АБВГДЕЁЖЗИЙ КЛМНОПРСТ УФХЦЧШЩЪЫЬЭ,0Я-И12244 478$,0.0851063829787234,0.9393939393939394,1.0,0.5-1.0
2_2.png,18,ЮЯ-0123456789,ИБЕГДЕЕХА ИИКЛИНПИРСТ УФХАЧЮюЩЬЫьЗ,0.0425531914893617,2.6153846153846154,3.0,>1.0
2_2.png,19,АБВГДЕЁЖЗИЙ КЛМНОПРСТ УФХЦЧШЩЪЫЬЭ,ВЯ-122А5аГЕЯ,0.13333333333333333,0.9696969696969697,1.0,0.5-1.0
2_3.png,0,Задание указано на доске. Подписывать бланк НЕ требуется,Задание указано на доске. Подиисывать бланк НЕ требуется,0.9821428571428571,0.017857142857142856,0.125,0-0.1
2_3.png,1,АБВГДЕЁЖЗ ИЙКЛМНОПРСТ У,ЯБЕГПЕЕХ 2 ИЙКАМНОПРЕТ Ч,0.5957446808510638,0.43478260869565216,1.3333333333333333,0.3-0.5
2_3.png,2,ФХЦЧШЩЪЫЬЭЮЯ-0123456789,РХЦЧИУЩЬЫЬ ЗЮЯ-И122АНЬЕНВ,0.4583333333333333,0.6086956521739131,2.0,0.5-1.0
2_3.png,3,АБВГДЕЁЖЗ ИЙКЛМНОПРСТ У,НБАГПЕЕХ 5 ИИК АМНОПРЕТ Ч,0.5416666666666666,0.5217391304347826,1.6666666666666667,0.5-1.0
2_3.png,4,ФХЦЧШЩЪЫЬЭЮЯ-0123456789,тХИНШЩЬЫЬ ЭВ Я-И Й12245 67 НЫ,0.5384615384615384,0.6521739130434783,6.0,0.5-1.0
2_3.png,5,АБВГДЕЁЖЗ ИЙКЛМНОПРСТ У,НЬВГЛЕЕХаА ИИКАМНИПРЕТ Ч,0.5106382978723404,0.5217391304347826,1.0,0.5-1.0
2_3.png,6,ФХЦЧШЩЪЫЬЭЮЯ-0123456789,ФХиЧЫЩЪЫЬ Э0Я-Й12#456785,0.723404255319149,0.30434782608695654,2.0,0.3-0.5
2_3.png,7,АБВГДЕЁЖЗ ИЙКЛМНОПРСТ У,НЫБГДЕЁХЗ ИЙКЛМНОПРСТ 9,0.8260869565217391,0.21739130434782608,0.6666666666666666,0.2-0.3
2_3.png,8,ФХЦЧШЩЪЫЬЭЮЯ-0123456789,ФХИНИШИЪЫЬ ЭЮЯ-И122456и 85,0.6530612244897959,0.43478260869565216,3.0,0.3-0.5
2_3.png,9,АБВГДЕЁЖЗ ИЙКЛМНОПРСТ У,ЯБЕГДЕЕХЗ ИЙКЛМИНОПРЕТ У9ХЦЧИЩЬЫЬ 3,0.6206896551724138,0.7391304347826086,1.3333333333333333,0.5-1.0
2_3.png,10,ФХЦЧШЩЪЫЬЭЮЯ-0123456789,№Я-112745 6789,0.5405405405405406,0.6086956521739131,2.0,0.5-1.0
2_3.png,11,АБВГДЕЁЖЗИЙ КЛМНОПРСТ УФХЦЧШЩЪЫЬЭ,АБВГДЕЁХ2 ИЙКЛМНОПРЕТ УФХЦЧУЩЬЫЬ 3,0.7761194029850746,0.2727272727272727,1.3333333333333333,0.2-0.3
2_3.png,12,ЮЯ-0123456789,0Я-11274567 ВЯ,0.5925925925925926,0.46153846153846156,2.0,0.3-0.5
2_3.png,13,АБВГДЕЁЖЗИЙ КЛМНОПРСТ УФХЦЧШЩЪЫЬЭ,ЯБЕГДЕЕХЗ ИЙКЛМНОПРЕТ ЧУЗХЦЧУЪИЬ 3,0.6567164179104478,0.42424242424242425,1.3333333333333333,0.3-0.5
2_3.png,14,ЮЯ-0123456789,09-1122456789,0.6923076923076923,0.3076923076923077,1.0,0.3-0.5
2_3.png,15,АБВГДЕЁЖЗИЙ КЛМНОПРСТ УФХЦЧШЩЪЫЬЭ,ВБЕГДЕЁХЗ ИЙКАМНОПРСТ УХЦУШИЪЫЬ 3,0.7272727272727273,0.3333333333333333,1.3333333333333333,0.3-0.5
2_3.png,16,ЮЯ-0123456789,0Я-1123$456789,0.8148148148148148,0.23076923076923078,1.0,0.2-0.3
2_3.png,17,АБВГДЕЁЖЗИЙ КЛМНОПРСТ УФХЦЧШЩЪЫЬЭ,АЯББГДЕЕХ ИЙКЛИНОПРЕТ У ХЦЧУЩЬЫЬ 3,0.6567164179104478,0.3939393939393939,1.6666666666666667,0.3-0.5
2_3.png,18,ЮЯ-0123456789,69-04224567 89,0.6666666666666666,0.38461538461538464,2.0,0.3-0.5
2_4.png,0,Задание указано на доске. Подписывать бланк НЕ требуется,Задание указано на доске. Подписывать бланк НЕ требуетса,0.9821428571428571,0.017857142857142856,0.125,0-0.1
2_4.png,1,АБВГДЕЁЖЗ ИЙКЛМНОПРСТ У,АБЕГДЕЁХ А ИИКЛМНОПРСТ 4,0.7659574468085106,0.2608695652173913,1.3333333333333333,0.2-0.3
2_4.png,2,ФХЦЧШЩЪЫЬЭЮЯ-0123456789,РХЦЧШИЦЪЫЬ 30Я-И1274560 89,0.6530612244897959,0.43478260869565216,3.0,0.3-0.5
2_4.png,3,АБВГДЕЁЖЗ ИЙКЛМНОПРСТ У,НБЕТ ЦЕЕХ А ИИКЛМнИПРСТ Ч,0.4583333333333333,0.5652173913043478,1.6666666666666667,0.5-1.0
2_4.png,4,ФХЦЧШЩЪЫЬЭЮЯ-0123456789,РАЦАЩИЪЬЬ ЗН Я-И 12745 (67,0.4897959183673469,0.7391304347826086,5.0,0.5-1.0
2_4.png,5,АБВГДЕЁЖЗ ИЙКЛМНОПРСТ У,НЕЫБГДЕЕХ 4АИИКИМНПИПАСТ Ч,0.5306122448979592,0.6521739130434783,1.0,0.5-1.0
2_4.png,6,ФХЦЧШЩЪЫЬЭЮЯ-0123456789,РХЦНШЩЬЫЬ 34Я-Й 127456087,0.5833333333333334,0.4782608695652174,3.0,0.3-0.5
2_4.png,7,АБВГДЕЁЖЗ ИЙКЛМНОПРСТ У,НЬРГЦЕЕХ 4 ИИКЛМИНОПРЕТ 5,0.5416666666666666,0.5217391304347826,1.3333333333333333,0.5-1.0
2_4.png,8,ФХЦЧШЩЪЫЬЭЮЯ-0123456789,РХИЧУЩЬЫЬЬ ЭЗНЯ-ИТ/ 249 9е5?,0.43137254901960786,0.8260869565217391,4.0,0.5-1.0
2_4.png,9,АБВГДЕЁЖЗ ИЙКЛМНОПРСТ У,ЯБЕГДЕЕХ 2 ИЙКАМНОПРЕТ УФХИЧЬШЪМЬ 3,0.5517241379310345,0.8260869565217391,1.6666666666666667,0.5-1.0
2_4.png,10,ФХЦЧШЩЪЫЬЭЮЯ-0123456789,0Я-#1234567899 АБЕГПЕЕХЗИЙКАМНОПР,0.39285714285714285,1.391304347826087,2.0,>1.0
2_4.png,11,АБВГДЕЁЖЗИЙ КЛМНОПРСТ УФХЦЧШЩЪЫЬЭ,СТУФХЦУЩЪЫЬ 30Я -Й423454789 Я6БГДЕ,0.29850746268656714,1.0,1.3333333333333333,>1.0
2_4.png,12,ЮЯ-0123456789,ЕХАИЙКАМНОПР ЕТ Уч ХичевЬмЬ 3ЮЯ -91224,0.23529411764705882,2.8461538461538463,6.0,>1.0
2_4.png,13,АБВГДЕЁЖЗИЙ КЛМНОПРСТ УФХЦЧШЩЪЫЬЭ,"5489 НЫВГДЕЕХЗИИКАМНОПРЕТУФХИМЬы,",0.5151515151515151,0.6666666666666666,1.0,0.5-1.0
2_4.png,14,ЮЯ-0123456789,ЪИЬ3ЮЯ-Й 122456788 НБВГ ДЕЕХЗИАИКАЛИН,0.4,2.076923076923077,4.0,>1.0
2_4.png,15,АБВГДЕЁЖЗИЙ КЛМНОПРСТ УФХЦЧШЩЪЫЬЭ,ППРЕТУ®ХЦЧиЩЪЫЬ 309 -422455788 ВБВГ,0.3235294117647059,1.0606060606060606,1.3333333333333333,>1.0
2_4.png,16,ЮЯ-0123456789,ДЕЁХ ЗИЙКЛИНОПРЕТУ®Хичиалыь 309 -И 42,0.08,2.769230769230769,5.0,>1.0
2_4.png,17,АБВГДЕЁЖЗИЙ КЛМНОПРСТ УФХЦЧШЩЪЫЬЭ,ЗАБСГВИ НОБГДЕЕХ ЗИИКАЙНОПРЕТААУЬЧ,0.47761194029850745,0.8181818181818182,1.0,0.5-1.0
2_4.png,18,ЮЯ-0123456789,ЫЩЪЫЕ 309 - (17545057 22.14.2125,0.2222222222222222,2.076923076923077,5.0,>1.0
2_5.png,0,Задание указано на доске. Подписывать бланк НЕ требуется,Задание указано на доске. Подписывать бланк НЕ требуется,1.0,0.0,0.0,0-0.1
2_5.png,1,АБВГДЕЁЖЗ ИЙКЛМНОПРСТ У,АБГАЕЁХ2 ИЙКЛИНОПРСТ 4$,0.7391304347826086,0.30434782608695654,1.0,0.3-0.5
2_5.png,2,ФХЦЧШЩЪЫЬЭЮЯ-0123456789,ХИЧШЩЪЫЕ ЭЮЯ -Й 122 А567ВЯН,0.6,0.5652173913043478,5.0,0.5-1.0
2_5.png,3,АБВГДЕЁЖЗ ИЙКЛМНОПРСТ У,БВГЛЕЕХЭ5 ИЙКЛМАОПРСТ УФ,0.723404255319149,0.34782608695652173,1.0,0.3-0.5
2_5.png,4,ФХЦЧШЩЪЫЬЭЮЯ-0123456789,ХИЧШИШЪЫЬ 3ЮЯ-Й1 224567 В58,0.64,0.5652173913043478,4.0,0.5-1.0
2_5.png,5,АБВГДЕЁЖЗ ИЙКЛМНОПРСТ У,БЕГДЕЕХЗ ИЙКЛИНОПРЕТ 9?,0.6956521739130435,0.34782608695652173,1.0,0.3-0.5
2_5.png,6,ФХЦЧШЩЪЫЬЭЮЯ-0123456789,ХИЧШЩЪЬЬ 3ЮЯ-П01 224567 ВЯ,0.6530612244897959,0.4782608695652174,4.0,0.3-0.5
2_5.png,7,АБВГДЕЁЖЗ ИЙКЛМНОПРСТ У,БЕГДЕЕХ Я ИЙКАИНОПРЕТ УФ,0.6382978723404256,0.43478260869565216,1.3333333333333333,0.3-0.5
2_5.png,8,ФХЦЧШЩЪЫЬЭЮЯ-0123456789,ХИЧШШЪНЬ 3 ЮЯ-Й1274567Вй,0.5957446808510638,0.4782608695652174,3.0,0.3-0.5
2_5.png,9,АБВГДЕЁЖЗ ИЙКЛМНОПРСТ У,ЯБВГЛЕЕХЗ) ИИКААНОПРСТ УФХиЧЬЩЬНЬЗ,0.5614035087719298,0.782608695652174,1.0,0.5-1.0
2_5.png,10,ФХЦЧШЩЪЫЬЭЮЯ-0123456789,ЮЯ-Й423456Г89,0.5555555555555556,0.5652173913043478,1.0,0.5-1.0
2_5.png,11,АБВГДЕЁЖЗИЙ КЛМНОПРСТ УФХЦЧШЩЪЫЬЭ,ЯБВГЛЕЕУЯ ИИКЛИНОПРСЕТ ЧРУЦЧУШЬЮЬ т,0.5588235294117647,0.5757575757575758,1.3333333333333333,0.5-1.0
2_5.png,12,ЮЯ-0123456789,01- 4234567 ВР,0.5925925925925926,0.5384615384615384,3.0,0.5-1.0
2_5.png,13,АБВГДЕЁЖЗИЙ КЛМНОПРСТ УФХЦЧШЩЪЫЬЭ,ИБВГДЕЕ ХЗ ийклинОПРСТЯУР УЦЧИЩЬНЬ 3,0.5217391304347826,0.6060606060606061,1.6666666666666667,0.5-1.0
2_5.png,14,ЮЯ-0123456789,ИЯ- 712345 6289,0.7142857142857143,0.38461538461538464,3.0,0.3-0.5
2_5.png,15,АБВГДЕЁЖЗИЙ КЛМНОПРСТ УФХЦЧШЩЪЫЬЭ,АЕВГДЕЕ УЗ ийклиНОИРСТ ЧФХИЧШЩЗЫ 3,0.5671641791044776,0.48484848484848486,1.6666666666666667,0.3-0.5
2_5.png,16,ЮЯ-0123456789,ЮЯ-И12#45 678?,0.7407407407407407,0.3076923076923077,2.0,0.3-0.5
2_5.png,17,АБВГДЕЁЖЗИЙ КЛМНОПРСТ УФХЦЧШЩЪЫЬЭ,АБВГДЕЁХЯ ИЯКАМНОПРСЕТ ЧРУц ЧИ ШЬУЬУ,0.6086956521739131,0.5454545454545454,1.6666666666666667,0.5-1.0
2_5.png,18,ЮЯ-0123456789,09- 012 345 БРВ?,0.4827586206896552,0.6923076923076923,4.0,0.5-1.0
2_6.png,0,Задание указано на доске. Подписывать бланк НЕ требуется,Задание указано на доске. Подписывать бланк НЕ требуется,1.0,0.0,0.0,0-0.1
2_6.png,1,АБВГДЕЁЖЗ ИЙКЛМНОПРСТ У,ИБЕГДЕЕХА ИИКЛМНОПРСТ Ч,0.6956521739130435,0.30434782608695654,1.0,0.3-0.5
2_6.png,2,ФХЦЧШЩЪЫЬЭЮЯ-0123456789,ФХЦУЩИЗЫЬ ЭЮЯ-0122 45678,0.7659574468085106,0.34782608695652173,3.0,0.3-0.5
2_6.png,3,АБВГДЕЁЖЗ ИЙКЛМНОПРСТ У,ЧАБЕГЦЕЕХ А ИИКИМ+ЕЕЕТЕ,0.391304347826087,0.6956521739130435,1.0,0.5-1.0
2_6.png,4,ФХЦЧШЩЪЫЬЭЮЯ-0123456789,гхи ЗЫЬ 308-012245 6783,0.4782608695652174,0.6086956521739131,4.0,0.5-1.0
2_6.png,5,АБВГДЕЁЖЗ ИЙКЛМНОПРСТ У,БЕГ ПЕЕХЗ ИИКЛМНОПРЕТУ$Х,0.6382978723404256,0.4782608695652174,1.0,0.3-0.5
2_6.png,6,ФХЦЧШЩЪЫЬЭЮЯ-0123456789,ЦУШИЦЪЫЬ ЭЮЯ-012745 6 789ЕМ,0.72,0.4782608695652174,4.0,0.3-0.5
2_6.png,7,АБВГДЕЁЖЗ ИЙКЛМНОПРСТ У,АБЕГДЕЕХ2 ИИКАМНОПРЕТУФХИЧИЩЬЫЬ 3,0.5357142857142857,0.782608695652174,1.0,0.5-1.0
2_6.png,8,ФХЦЧШЩЪЫЬЭЮЯ-0123456789,Я-Й12$456799,0.5142857142857142,0.6086956521739131,1.0,0.5-1.0
2_7.png,0,Задание указано на доске. Подписывать бланк НЕ требуется,Задание указано на доске. Подписывать бланк НЕ требуется,1.0,0.0,0.0,0-0.1
2_7.png,1,АБВГДЕЁЖЗ ИЙКЛМНОПРСТ У,АБЕГПЕЕХ2 ИИКЛМНОПРСТ Ч,0.6956521739130435,0.30434782608695654,1.0,0.3-0.5
2_7.png,2,ФХЦЧШЩЪЫЬЭЮЯ-0123456789,ФХИЧШИЗЫЬ 90Я-042245678,0.6521739130434783,0.391304347826087,2.0,0.3-0.5
2_7.png,3,АБВГДЕЁЖЗ ИЙКЛМНОПРСТ У,:,0.0,1.0,1.0,>1.0
2_7.png,4,ФХЦЧШЩЪЫЬЭЮЯ-0123456789,ЯБЕГЦЕЕХ> ИИК АмМНОПРСТ Ч,0.08333333333333333,1.0434782608695652,4.0,>1.0
2_7.png,5,АБВГДЕЁЖЗ ИЙКЛМНОПРСТ У,ФХЦЧИЩЬНЬ ЭЮЯ-04224567В,0.043478260869565216,0.9565217391304348,1.0,0.5-1.0
2_7.png,6,ФХЦЧШЩЪЫЬЭЮЯ-0123456789,"""",0.0,1.0,1.0,>1.0
2_7.png,7,АБВГДЕЁЖЗ ИЙКЛМНОПРСТ У,ЯБВГДЕЕХ 21 ИЙК ЛМНОПРСТ Ч,0.7346938775510204,0.34782608695652173,1.6666666666666667,0.3-0.5
2_7.png,8,ФХЦЧШЩЪЫЬЭЮЯ-0123456789,ФХЦНУЦЗЫЬ 309Я-01С24567Н,0.5957446808510638,0.5217391304347826,2.0,0.5-1.0
2_7.png,9,АБВГДЕЁЖЗ ИЙКЛМНОПРСТ У,ЯБЕГДЕЕХ2 ИИКАМНОПРСТЧ ФХЦЧШЩЪЫЬ,0.5454545454545454,0.7391304347826086,1.0,0.5-1.0
2_7.png,10,ФХЦЧШЩЪЫЬЭЮЯ-0123456789,ЭЮЯ- 0422456789,0.631578947368421,0.5217391304347826,2.0,0.5-1.0
2_7.png,11,АБВГДЕЁЖЗИЙ КЛМНОПРСТ УФХЦЧШЩЪЫЬЭ,ЯБЕГДЕЕХ2 иикимнОПРСТУ ФХЦЧиЩЬЫь,0.5230769230769231,0.5454545454545454,1.0,0.5-1.0
2_7.png,12,ЮЯ-0123456789,309 -.0122456789,0.6896551724137931,0.46153846153846156,2.0,0.3-0.5
2_7.png,13,АБВГДЕЁЖЗИЙ КЛМНОПРСТ УФХЦЧШЩЪЫЬЭ,ЯБЕГДЕЕХ 2ИИК АМ НОПРСТУФХЦЧШЩЪЫЬ ЭЮ,0.6956521739130435,0.42424242424242425,1.6666666666666667,0.3-0.5
2_7.png,14,ЮЯ-0123456789,Я- 0122468789,0.7692307692307693,0.38461538461538464,2.0,0.3-0.5
2_7.png,15,АБВГДЕЁЖЗИЙ КЛМНОПРСТ УФХЦЧШЩЪЫЬЭ,ЯБЕГДЕЁХ2 ИИКАМНОПРЕТЧУ ФХЦЧИЩЬЫЬ,0.6363636363636364,0.42424242424242425,1.0,0.3-0.5
2_7.png,16,ЮЯ-0123456789,ЭНЯ-Й127456789,0.7407407407407407,0.3076923076923077,1.0,0.3-0.5
2_7.png,17,АБВГДЕЁЖЗИЙ КЛМНОПРСТ УФХЦЧШЩЪЫЬЭ,НЕВГ ДЕЕ Х2ИИК АМНОПРСТЧ ФХЦЧШЫЪЫЬ 3,0.6376811594202898,0.48484848484848486,2.0,0.3-0.5
2_7.png,18,ЮЯ-0123456789,ЮЯ-0412#45 6789,0.8571428571428571,0.23076923076923078,2.0,0.2-0.3
2_8.png,0,Задание указано на доске. Подписывать бланк НЕ требуется,ЯБЕГДЕЕХЗ ИЙКАМНЕПРЕТ 5,0.12658227848101267,0.9464285714285714,1.0,0.5-1.0
2_8.png,1,АБВГДЕЁЖЗ ИЙКЛМНОПРСТ У,хи ЭКЯ-1422456759,0.1,1.0,1.0,>1.0
2_8.png,2,ФХЦЧШЩЪЫЬЭЮЯ-0123456789,НЬБГДЕЕХ5 ИИКИМНЕПРСТ ч,0.08695652173913043,1.0,3.0,>1.0
2_8.png,3,АБВГДЕЁЖЗ ИЙКЛМНОПРСТ У,ХЕ 3КЯ- 42245 АНБ,0.1,0.9130434782608695,1.3333333333333333,0.5-1.0
2_9.png,0,Задание указано на доске. Подписывать бланк НЕ требуется,Задание указано на доске. Подписывать бланк НЕ требуется,1.0,0.0,0.0,0-0.1
2_9.png,1,АБВГДЕЁЖЗ ИЙКЛМНОПРСТ У,АЯБЕГДЕЕХ2 ИИКАМНОПРЕТ Ч,0.6382978723404256,0.391304347826087,1.0,0.3-0.5
2_9.png,2,ФХЦЧШЩЪЫЬЭЮЯ-0123456789,ФХЦЧШЩЪЫЬ 30Я-й1274567Н8,0.7659574468085106,0.30434782608695654,2.0,0.3-0.5
2_9.png,3,АБВГДЕЁЖЗ ИЙКЛМНОПРСТ У,НБЕГЦЕЕХА ИИКАМНОПРЕТ Ч,0.4782608695652174,0.43478260869565216,1.0,0.3-0.5
2_9.png,4,ФХЦЧШЩЪЫЬЭЮЯ-0123456789,ФХЦЧШЩЪЫЬ ЭЮЯ-01274567 89,0.9166666666666666,0.13043478260869565,3.0,0.1-0.2
2_9.png,5,АБВГДЕЁЖЗ ИЙКЛМНОПРСТ У,АЯБЕГДЕЕХ2 ИИКАМНОПРСТ Ч,0.6808510638297872,0.34782608695652173,1.0,0.3-0.5
2_9.png,6,ФХЦЧШЩЪЫЬЭЮЯ-0123456789,ФХЦЧШЩЪЫЬ ЭЮЯ-012#456789,0.9361702127659575,0.08695652173913043,2.0,0-0.1
2_9.png,7,АБВГДЕЁЖЗ ИЙКЛМНОПРСТ У,ЯБРГДЕЕХ= ИИКАМНОПРСТ` Ч,0.6382978723404256,0.391304347826087,1.0,0.3-0.5
2_9.png,8,ФХЦЧШЩЪЫЬЭЮЯ-0123456789,ФХИЧШЫЗЫЬ ЭЮЯ-11274560 88,0.6666666666666666,0.391304347826087,3.0,0.3-0.5
2_9.png,9,АБВГДЕЁЖЗ ИЙКЛМНОПРСТ У,ЯБВГДЕЕХ2 ИИКАМНОПРСТ УФХЦЧШЩУЫЕЗ,0.6071428571428571,0.6956521739130435,1.0,0.5-1.0
2_9.png,10,ФХЦЧШЩЪЫЬЭЮЯ-0123456789,9Я-0122456789,0.6111111111111112,0.5217391304347826,1.0,0.5-1.0
2_9.png,11,АБВГДЕЁЖЗИЙ КЛМНОПРСТ УФХЦЧШЩЪЫЬЭ,АБВГДЕЁЖ2 ИЙКЛМНОПРСТ ЧУФХЦЧИЩУЫЬ 3,0.8235294117647058,0.24242424242424243,1.3333333333333333,0.2-0.3
2_9.png,12,ЮЯ-0123456789,ЮЯ-0122456789,0.9230769230769231,0.07692307692307693,1.0,0-0.1
2_9.png,13,АБВГДЕЁЖЗИЙ КЛМНОПРСТ УФХЦЧШЩЪЫЬЭ,ЯБЕГДЕЁХ> ИЙКАМНОПРСТ УФХЦЧШЩУЫЬ 3,0.746268656716418,0.30303030303030304,1.3333333333333333,0.3-0.5
2_9.png,14,ЮЯ-0123456789,9Я-0122456789,0.8461538461538461,0.15384615384615385,1.0,0.1-0.2
2_9.png,15,АБВГДЕЁЖЗИЙ КЛМНОПРСТ УФХЦЧШЩЪЫЬЭ,ЯБЕГДЕЕХ2 ИЙКЛМНОПРСТ ЧУФХЦЧШЩЬЫЬ 3,0.7352941176470589,0.3333333333333333,1.3333333333333333,0.3-0.5
2_9.png,16,ЮЯ-0123456789,ЮЯ-0125456789,0.9230769230769231,0.07692307692307693,1.0,0-0.1
2_9.png,17,АБВГДЕЁЖЗИЙ КЛМНОПРСТ УФХЦЧШЩЪЫЬЭ,АЯБВГДЕЕХЗ ИИКАМНОПРЕТ УФХЦЧИЦЩЗЫЬ 3,0.6956521739130435,0.3939393939393939,1.3333333333333333,0.3-0.5
2_9.png,18,ЮЯ-0123456789,НЯ-0122466789,0.7692307692307693,0.23076923076923078,1.0,0.2-0.3
2_10.png,0,Задание указано на доске. Подписывать бланк НЕ требуется,Задание указано на доске. Подписывать бланк НЕ требуется,1.0,0.0,0.0,0-0.1
3_1.png,0,Задание указано на доске. Подписывать бланк НЕ требуется,Задание указано на доске. Подписывать бланк НЕ требуется,1.0,0.0,0.0,0-0.1
3_1.png,1,АБВГДЕЁЖЗ ИЙКЛМНОПРСТ У,РБЕГДЕЕХЗИИКАМНОПРЕТУ$Х,0.6086956521739131,0.4782608695652174,1.0,0.3-0.5
3_1.png,2,ФХЦЧШЩЪЫЬЭЮЯ-0123456789,ЦУШИЛЫЬ 90Я-027456799,0.5909090909090909,0.4782608695652174,2.0,0.3-0.5
3_1.png,3,АБВГДЕЁЖЗ ИЙКЛМНОПРСТ У,НБЕГЛЕЕХЗ ИИКАМНОПРЕТ Ч,0.6086956521739131,0.391304347826087,1.0,0.3-0.5
3_1.png,4,ФХЦЧШЩЪЫЬЭЮЯ-0123456789,ФХЦУШЦЫЬ 30Я-01274567Н,0.6666666666666666,0.391304347826087,2.0,0.3-0.5
3_1.png,5,АБВГДЕЁЖЗ ИЙКЛМНОПРСТ У,Ч АБЕГДЕЕХА ИЙКЛМНОПРЕТ,0.6956521739130435,0.391304347826087,1.0,0.3-0.5
3_1.png,6,ФХЦЧШЩЪЫЬЭЮЯ-0123456789,УХИЧИЦЛЫЬ ЭЮЯ-04122458,0.6222222222222222,0.4782608695652174,2.0,0.3-0.5
3_1.png,7,АБВГДЕЁЖЗ ИЙКЛМНОПРСТ У,ГВ НБЕГДЕЕЖа ИИКАМНОГР,0.5333333333333333,0.6086956521739131,1.0,0.5-1.0
3_1.png,8,ФХЦЧШЩЪЫЬЭЮЯ-0123456789,СТ У?ХЦУШИЗЫЬ эЮЯ-012745,0.5531914893617021,0.6521739130434783,3.0,0.5-1.0
3_1.png,9,АБВГДЕЁЖЗ ИЙКЛМНОПРСТ У,ЯЕВГДЕЁХЗ ИИКАННОПРЕТ УФУЦЧиЩЬЫЬ 3,0.5614035087719298,0.782608695652174,1.3333333333333333,0.5-1.0
3_1.png,10,ФХЦЧШЩЪЫЬЭЮЯ-0123456789,ИЯ-012}456789 ВБВГДЕЕХЗИЙКАМНОПР[,0.39285714285714285,1.391304347826087,2.0,>1.0
3_1.png,11,АБВГДЕЁЖЗИЙ КЛМНОПРСТ УФХЦЧШЩЪЫЬЭ,Г УЗ?ХЦЧЫЩЪЫЬ ЭНЯ-042$456Р87 ЯББГДЕ,0.3235294117647059,1.0303030303030303,1.3333333333333333,>1.0
3_1.png,12,ЮЯ-0123456789,ЕХ3 ИЙКАМНОПР С ТУФХиЧУЩЬЫь 309-012},0.16326530612244897,2.6923076923076925,5.0,>1.0
3_1.png,13,АБВГДЕЁЖЗИЙ КЛМНОПРСТ УФХЦЧШЩЪЫЬЭ,456789 НЫВГДЕЕХЗИИКАМНИПРСТУЯХ ИЧи,0.44776119402985076,0.7575757575757576,1.0,0.5-1.0
3_1.png,14,ЮЯ-0123456789,ЦЗЫЬ 9Ю09-0122456789 ЯБЕГДЕЁХЗИКИМН,0.4583333333333333,1.8461538461538463,3.0,>1.0
3_1.png,15,АБВГДЕЁЖЗИЙ КЛМНОПРСТ УФХЦЧШЩЪЫЬЭ,ОПРЕ ТУХЦЧиЩЬЫЬ 30Я0 4224567879 ПБЕТ,0.3188405797101449,1.0909090909090908,1.6666666666666667,>1.0
3_1.png,16,ЮЯ-0123456789,ПЕЕХЗИИКАМНОПРЕТУФЦЧИЩЬЫЬ 309-0122,0.1702127659574468,2.5384615384615383,2.0,>1.0
3_1.png,17,АБВГДЕЁЖЗИЙ КЛМНОПРСТ УФХЦЧШЩЪЫЬЭ,436787,0.0,1.0,1.0,>1.0
4_1.png,0,Задание указано на доске. Подписывать бланк НЕ требуется,Задание указано на доске. Подписывать бланк НЕ требуется,1.0,0.0,0.0,0-0.1
4_1.png,1,АБВГДЕЁЖЗ ИЙКЛМНОПРСТ У,ЯБЕГДЕЕХа ИИКАМНОПРЕТ Ч,0.6086956521739131,0.391304347826087,1.0,0.3-0.5
4_1.png,2,ФХЦЧШЩЪЫЬЭЮЯ-0123456789,ФХЦЧШЩЬЫ ЭЮЯ-И1274 56787,0.7659574468085106,0.2608695652173913,3.0,0.2-0.3
4_1.png,3,АБВГДЕЁЖЗ ИЙКЛМНОПРСТ У,ИБГДЕЕХ 2 ИИКЛМНОПРЕТЕ Ч,0.6382978723404256,0.43478260869565216,1.3333333333333333,0.3-0.5
4_1.png,4,ФХЦЧШЩЪЫЬЭЮЯ-0123456789,РХЦЧШЩЬЫ ЭЮЯ-01274 5 а’Н,0.6382978723404256,0.391304347826087,4.0,0.3-0.5
4_2.png,0,Задание указано на доске. Подписывать бланк НЕ требуется,АБЕГДЕЕХ2 ИИКАМНОПРЕТ Ч,0.05063291139240506,0.9464285714285714,1.0,0.5-1.0
4_2.png,1,АБВГДЕЁЖЗ ИЙКЛМНОПРСТ У,ФХЦУШЦЪЫЬ ЭЮЯ -01284567 89,0.08163265306122448,1.0434782608695652,1.3333333333333333,>1.0
4_2.png,2,ФХЦЧШЩЪЫЬЭЮЯ-0123456789,АЯБЕГДЕЕХ2 ИИКАМНОПРЕТ Ч,0.0851063829787234,1.0434782608695652,3.0,>1.0
4_2.png,3,АБВГДЕЁЖЗ ИЙКЛМНОПРСТ У,РХЦУШЦЪЫЬ 30Я-Й127456789,0.0851063829787234,1.0,1.0,>1.0
4_2.png,4,ФХЦЧШЩЪЫЬЭЮЯ-0123456789,ЯБЕГПЕЕХ 5 ИИКАМНОПРЕТ Ч,0.0851063829787234,1.0434782608695652,4.0,>1.0
4_2.png,5,АБВГДЕЁЖЗ ИЙКЛМНОПРСТ У,РХИЧШЩЗЫЕ 309-51245572,0.08888888888888889,0.9565217391304348,1.0,0.5-1.0
4_2.png,6,ФХЦЧШЩЪЫЬЭЮЯ-0123456789,АБЕГДЕЕХ2 ИИКАМНОПРСТ Ч,0.08695652173913043,1.0,3.0,>1.0
4_2.png,7,АБВГДЕЁЖЗ ИЙКЛМНОПРСТ У,ТХЦЧИШЩЬЫЬ 30Я-012#458789,0.041666666666666664,1.0434782608695652,1.0,>1.0
4_2.png,8,ФХЦЧШЩЪЫЬЭЮЯ-0123456789,ЯБВГДЕЕХЗИИКАМНОПРСТ УФХЦЧШЩЫЬ ЪЭЮ,0.3508771929824561,1.434782608695652,3.0,>1.0
4_2.png,9,АБВГДЕЁЖЗ ИЙКЛМНОПРСТ У,Я-0123456789,0.0,1.0,1.0,>1.0
4_2.png,10,ФХЦЧШЩЪЫЬЭЮЯ-0123456789,АБВГДЕЕХЗИИКА”НО7РЕТ УФХЦЧЕЩЫЬ Ъ35,0.3157894736842105,1.434782608695652,3.0,>1.0
4_2.png,11,АБВГДЕЁЖЗИЙ КЛМНОПРСТ УФХЦЧШЩЪЫЬЭ,'Я-0123456787,0.0,1.0,1.0,>1.0
4_2.png,12,ЮЯ-0123456789,НБЕГДЕЕХЗИЙКАМНОПРСТ У ХЦЧОЩЪЫЬЭЮ,0.043478260869565216,2.5384615384615383,3.0,>1.0
4_2.png,13,АБВГДЕЁЖЗИЙ КЛМНОПРСТ УФХЦЧШЩЪЫЬЭ,9-8123456789,0.0,1.0,1.0,>1.0
4_2.png,14,ЮЯ-0123456789,1880-7 99}-’ 9В6-Г 979-Г 972-7,0.13953488372093023,2.0,5.0,>1.0
4_2.png,15,АБВГДЕЁЖЗИЙ КЛМНОПРСТ УФХЦЧШЩЪЫЬЭ,965-7,0.0,1.0,1.0,>1.0
4_3.png,0,Задание указано на доске. Подписывать бланк НЕ требуется,Задание указано на доске. Подписывать бланк НЕ требуется,1.0,0.0,0.0,0-0.1
4_3.png,1,АБВГДЕЁЖЗ ИЙКЛМНОПРСТ У,НБВГДЕЁХЗ ИЙКАМНОПРСТ Ч,0.8260869565217391,0.17391304347826086,1.0,0.1-0.2
4_3.png,2,ФХЦЧШЩЪЫЬЭЮЯ-0123456789,ФХЦЧШШЗЫЬ 30Я-722456789,0.6956521739130435,0.34782608695652173,2.0,0.3-0.5
4_3.png,3,АБВГДЕЁЖЗ ИЙКЛМНОПРСТ У,ЯБЕГДЕЁХЗ ИЙКЛМНОПРСТ Ч,0.8260869565217391,0.17391304347826086,0.6666666666666666,0.1-0.2
4_3.png,4,ФХЦЧШЩЪЫЬЭЮЯ-0123456789,ФУЦЧШЩЪЫЬ ЭНЯ-012245678,0.8260869565217391,0.21739130434782608,2.0,0.2-0.3
4_3.png,5,АБВГДЕЁЖЗ ИЙКЛМНОПРСТ У,? НЫВГАЕЁХЗ ИЙКАМНОПСТ,0.6666666666666666,0.43478260869565216,1.0,0.3-0.5
4_3.png,6,ФХЦЧШЩЪЫЬЭЮЯ-0123456789,УФХИЧЬЩЬЬь ЭЮЯ-01224667,0.6521739130434783,0.4782608695652174,2.0,0.3-0.5
4_3.png,7,АБВГДЕЁЖЗ ИЙКЛМНОПРСТ У,ВЯ,0.08,0.9565217391304348,1.0,0.5-1.0
4_4.png,0,Задание указано на доске. Подписывать бланк НЕ требуется,Задание указано на доске. Подписывать бланк НЕ требуется,1.0,0.0,0.0,0-0.1
4_4.png,1,АБВГДЕЁЖЗ ИЙКЛМНОПРСТ У,ЯБЕГДЕЁХ2 ИИКЛМНОПРЕТ Ч,0.6956521739130435,0.30434782608695654,1.0,0.3-0.5
4_4.png,2,ФХЦЧШЩЪЫЬЭЮЯ-0123456789,ФХЦУШЦЪЫЬ ЗНЯ-012#456788,0.723404255319149,0.30434782608695654,2.0,0.3-0.5
4_4.png,3,АБВГДЕЁЖЗ ИЙКЛМНОПРСТ У,АБЕГДЕЕХА ИИКЛАМНОПРЕТ Ч,0.6808510638297872,0.34782608695652173,1.0,0.3-0.5
4_4.png,4,ФХЦЧШЩЪЫЬЭЮЯ-0123456789,РХЦЧШЩЬЫЕ 3ЮЯ-812#456788,0.6808510638297872,0.34782608695652173,2.0,0.3-0.5
4_4.png,5,АБВГДЕЁЖЗ ИЙКЛМНОПРСТ У,АБВГДЕЕХ 2 ИЙКАМНРЕТОП Ч,0.6382978723404256,0.4782608695652174,1.3333333333333333,0.3-0.5
4_4.png,6,ФХЦЧШЩЪЫЬЭЮЯ-0123456789,ФХЦЧШЩЪЫЬ 3ЮЯ-Й 122456789,0.8333333333333334,0.21739130434782608,3.0,0.2-0.3
4_4.png,7,АБВГДЕЁЖЗ ИЙКЛМНОПРСТ У,ЯБЕГДЕЕХЗ ИЙКАМНОПРЕТ Ч,0.6956521739130435,0.30434782608695654,1.0,0.3-0.5
4_4.png,8,ФХЦЧШЩЪЫЬЭЮЯ-0123456789,РХЦЧШЩ ЪЫЬ ЗКЯ-Й1224567 ВВ,0.6530612244897959,0.43478260869565216,4.0,0.3-0.5
4_4.png,9,АБВГДЕЁЖЗ ИЙКЛМНОПРСТ У,АБВГДЕЕХ2 ИИКЛМНОПРЕТ У®ЦЧОЩЪыЬЗЮ,0.6428571428571429,0.6521739130434783,1.0,0.5-1.0
4_4.png,10,ФХЦЧШЩЪЫЬЭЮЯ-0123456789,9-1122456789,0.5142857142857142,0.6086956521739131,1.0,0.5-1.0
4_4.png,11,АБВГДЕЁЖЗИЙ КЛМНОПРСТ УФХЦЧШЩЪЫЬЭ,АБВГДЕЕХЗ ИЙКАМНОПРЕТ УФХИЧУЩЬЫЬ 3,0.7164179104477612,0.3333333333333333,1.3333333333333333,0.3-0.5
4_4.png,12,ЮЯ-0123456789,НЯ- 0122456789,0.8148148148148148,0.23076923076923078,2.0,0.2-0.3
4_4.png,13,АБВГДЕЁЖЗИЙ КЛМНОПРСТ УФХЦЧШЩЪЫЬЭ,ЯБЕГДЕЕХЗ ИИКАМНОПРСТ У9ХЦЧЬЩЪНЬ 3,0.6567164179104478,0.3939393939393939,1.3333333333333333,0.3-0.5
4_4.png,14,ЮЯ-0123456789,#НЯ-7 123456789,0.7857142857142857,0.3076923076923077,2.0,0.3-0.5
4_5.png,0,Задание указано на доске. Подписывать бланк НЕ требуется,Задание указано на доске. Подписывать бланк НЕ требуется,1.0,0.0,0.0,0-0.1
4_5.png,1,АБВГДЕЁЖЗ ИЙКЛМНОПРСТ У,ЯБЬГДЕЕХЗ ИИК ЛМНОПРЕТ ч,0.6808510638297872,0.34782608695652173,1.3333333333333333,0.3-0.5
4_5.png,2,ФХЦЧШЩЪЫЬЭЮЯ-0123456789,РХЦЧИЦЪЫЬ ЭЮЯ- 0127456789,0.7916666666666666,0.2608695652173913,3.0,0.2-0.3
4_5.png,3,АБВГДЕЁЖЗ ИЙКЛМНОПРСТ У,НЬБГПЕЕХ Я ИИКАМНИПРЕТ Ч,0.5106382978723404,0.5652173913043478,1.3333333333333333,0.5-1.0
4_5.png,4,ФХЦЧШЩЪЫЬЭЮЯ-0123456789,РХЦЧШЩЪЫЬЗНЯ- 122456789,0.782608695652174,0.21739130434782608,2.0,0.2-0.3
4_5.png,5,АБВГДЕЁЖЗ ИЙКЛМНОПРСТ У,АББГДЕЕХЗ ИИКАМНОПРСТ Ч,0.7391304347826086,0.2608695652173913,1.0,0.2-0.3
4_5.png,6,ФХЦЧШЩЪЫЬЭЮЯ-0123456789,ФХЦЧИЩЬЫЬ ЗЮЯ- 012#456789,0.7916666666666666,0.2608695652173913,3.0,0.2-0.3
4_5.png,7,АБВГДЕЁЖЗ ИЙКЛМНОПРСТ У,НЬВГДЕЕХ ИИКАМНОПРЕТУ,0.6363636363636364,0.391304347826087,1.0,0.3-0.5
4_5.png,8,ФХЦЧШЩЪЫЬЭЮЯ-0123456789,ФХЦНШЩЪЫЬЬ ЗЮЯ-Й12745аГ 98,0.6530612244897959,0.43478260869565216,3.0,0.3-0.5
4_5.png,9,АБВГДЕЁЖЗ ИЙКЛМНОПРСТ У,ЯБЬГДЕЕХЗИЙКАМНОПРСТ УХЦЧШЫЪыь ЭН,0.6071428571428571,0.7391304347826086,1.0,0.5-1.0
4_5.png,10,ФХЦЧШЩЪЫЬЭЮЯ-0123456789,Я-012345 #787 НЕЕГДЕЕХ ЗИИКАМНОЛРЕТ,0.3448275862068966,1.5217391304347827,4.0,>1.0
4_5.png,11,АБВГДЕЁЖЗИЙ КЛМНОПРСТ УФХЦЧШЩЪЫЬЭ,УФХЦЧИЩТЫЬ ЗНЯ-012$454789 ',0.26666666666666666,0.9393939393939394,1.0,0.5-1.0
4_5.png,12,ЮЯ-0123456789,АБАГДЕЕХ2 ИИКЛИНОПРСТ УФХЦУШаЛЬЬ 3,0.0851063829787234,2.5384615384615383,4.0,>1.0
4_5.png,13,АБВГДЕЁЖЗИЙ КЛМНОПРСТ УФХЦЧШЩЪЫЬЭ,ЮЯ-012345 6789,0.0425531914893617,0.9696969696969697,1.0,0.5-1.0
4_5.png,14,ЮЯ-0123456789,НЕМБГДЕЕХ З ИИКАМНОПРЕТ УФХЦЧШВУЪЫЬ,0.0,2.6923076923076925,4.0,>1.0
4_5.png,15,АБВГДЕЁЖЗИЙ КЛМНОПРСТ УФХЦЧШЩЪЫЬЭ,3Я- 0422494799,0.0425531914893617,0.9696969696969697,1.0,0.5-1.0
4_5.png,16,ЮЯ-0123456789,ЯБЬГДЕЕХ ЗИЙКЛМНОПРЕТ Ч®хиЧиЩЬЫЬ 98,0.08333333333333333,2.6153846153846154,4.0,>1.0
4_5.png,17,АБВГДЕЁЖЗИЙ КЛМНОПРСТ УФХЦЧШЩЪЫЬЭ,Я-1123 45 ГЕЯ,0.08695652173913043,0.9393939393939394,1.0,0.5-1.0
4_6.png,0,Задание указано на доске. Подписывать бланк НЕ требуется,Задание указано на доске. Подлисывать бланк НЕ требуется,0.9821428571428571,0.017857142857142856,0.125,0-0.1
4_6.png,1,АБВГДЕЁЖЗ ИЙКЛМНОПРСТ У,АБЫГ ДЕЕХЗИИКАМНОПРЕТ ч%,0.6382978723404256,0.43478260869565216,1.0,0.3-0.5
4_6.png,2,ФХЦЧШЩЪЫЬЭЮЯ-0123456789,ХЦЧШЦЪЫЬ 3ЮЯ-Й129456 788,0.723404255319149,0.34782608695652173,3.0,0.3-0.5
4_6.png,3,АБВГДЕЁЖЗ ИЙКЛМНОПРСТ У,ЯБЕГЛЕЕХ5 ИЙКАМНОПРСТ Ч,0.6521739130434783,0.34782608695652173,1.0,0.3-0.5
4_6.png,4,ФХЦЧШЩЪЫЬЭЮЯ-0123456789,ФХИЧШЩЬЫЬ ЭЮЯ-112245 6789,0.7916666666666666,0.2608695652173913,3.0,0.2-0.3
4_6.png,5,АБВГДЕЁЖЗ ИЙКЛМНОПРСТ У,АБВГГЕЕХ 4 У ихАИЧЕПЕСТ ч,0.4583333333333333,0.6521739130434783,1.3333333333333333,0.5-1.0
4_6.png,6,ФХЦЧШЩЪЫЬЭЮЯ-0123456789,ОХЧНиЩЬЫЬ 39-12245 787,0.5333333333333333,0.5217391304347826,3.0,0.5-1.0
4_6.png,7,АБВГДЕЁЖЗ ИЙКЛМНОПРСТ У,АЯБЕГЛЕг Ха ИИКАМНЕ“РЕТ,0.4782608695652174,0.6086956521739131,1.0,0.5-1.0
4_6.png,8,ФХЦЧШЩЪЫЬЭЮЯ-0123456789,нехАИЬЬ З9Я- ПИЯ 4ЕНГЕ,0.17777777777777778,0.9130434782608695,4.0,0.5-1.0
4_6.png,9,АБВГДЕЁЖЗ ИЙКЛМНОПРСТ У,", >. ‚м, Дт:",0.05714285714285714,0.9565217391304348,1.3333333333333333,0.5-1.0
4_6.png,10,ФХЦЧШЩЪЫЬЭЮЯ-0123456789,Си” | щ. ` --,0.05555555555555555,0.9565217391304348,5.0,0.5-1.0
4_6.png,11,АБВГДЕЁЖЗИЙ КЛМНОПРСТ УФХЦЧШЩЪЫЬЭ,сч © ПЕ: ‘.х Зал,0.08163265306122448,0.9090909090909091,1.6666666666666667,0.5-1.0
4_7.png,0,Задание указано на доске. Подписывать бланк НЕ требуется,Задание указано на доске. Подписывать бланк НЕ требуется,1.0,0.0,0.0,0-0.1
4_7.png,1,АБВГДЕЁЖЗ ИЙКЛМНОПРСТ У,ЯБЕГДЕЕЖЗ ИИКЛМНОПРЕТ Ч,0.7391304347826086,0.2608695652173913,1.0,0.2-0.3
4_7.png,2,ФХЦЧШЩЪЫЬЭЮЯ-0123456789,ФХЦЧШЦЗЫЬ 309-Й12#456789,0.6808510638297872,0.34782608695652173,2.0,0.3-0.5
4_7.png,3,АБВГДЕЁЖЗ ИЙКЛМНОПРСТ У,НЬВГ ЦЕЕ Ха ИИК АМНОИРЕТ Ч,0.4897959183673469,0.6086956521739131,2.0,0.5-1.0
4_7.png,4,ФХЦЧШЩЪЫЬЭЮЯ-0123456789,РХЦУШИЗЫЬ 3НЯ-И 1254567688,0.5714285714285714,0.5217391304347826,3.0,0.5-1.0
4_7.png,5,АБВГДЕЁЖЗ ИЙКЛМНОПРСТ У,АБЕГДЕЁХ2 ИЙКЛМНОПРСТ ч,0.8260869565217391,0.17391304347826086,0.6666666666666666,0.1-0.2
4_7.png,6,ФХЦЧШЩЪЫЬЭЮЯ-0123456789,ФХЦИЦЕЦЬ 3ЮЯ-И 12245 67 НЯ,0.5306122448979592,0.6086956521739131,5.0,0.5-1.0
4_7.png,7,АБВГДЕЁЖЗ ИЙКЛМНОПРСТ У,НЕВГДЕЕХЗ МИКИМНОПРЕТ УФХЦЧУЩЬЫЬ,0.5818181818181818,0.7391304347826086,1.0,0.5-1.0
4_7.png,8,ФХЦЧШЩЪЫЬЭЮЯ-0123456789,3ЮЯ- ШИЗЫЬ 309 -0422#456787 НБЕГДЕЁХЯ,0.3333333333333333,1.1304347826086956,5.0,>1.0
4_7.png,9,АБВГДЕЁЖЗ ИЙКЛМНОПРСТ У,ИИКАМНОПРСТ УФХЕЧШЩЬЫЬ ЗЮЯ-И 12745,0.3508771929824561,1.391304347826087,1.3333333333333333,>1.0
4_7.png,10,ФХЦЧШЩЪЫЬЭЮЯ-0123456789,689 ЯБЕГДЕЕХЯ ИИКАМНОПРЕТУФХЦЧОЬ,0.18181818181818182,1.3478260869565217,3.0,>1.0
4_7.png,11,АБВГДЕЁЖЗИЙ КЛМНОПРСТ УФХЦЧШЩЪЫЬЭ,Ыь 30Я-7172450009 НЕВГДЕЁХЗ ИИКЛМ,0.30303030303030304,1.0,1.3333333333333333,>1.0
4_7.png,12,ЮЯ-0123456789,НОпРСт Ни ‚зня- 0127455289,0.41025641025641024,1.3846153846153846,4.0,>1.0
4_7.png,13,АБВГДЕЁЖЗИЙ КЛМНОПРСТ УФХЦЧШЩЪЫЬЭ,=’ БЕГЕ ИКАИНОЙ,0.16666666666666666,0.8484848484848485,1.0,0.5-1.0
4_7.png,14,ЮЯ-0123456789,ь ТУеХЧЬЩ У ЭЮ9- 042$466788 НБЕГД,0.34782608695652173,1.9230769230769231,6.0,>1.0
4_7.png,15,АБВГДЕЁЖЗИЙ КЛМНОПРСТ УФХЦЧШЩЪЫЬЭ,ЕЁЖАКИКЛМНОПВ[Т УФХ ЦЧЕЦЪЫЬ 3 ЮЯ-8 42,0.5714285714285714,0.7272727272727273,2.0,0.5-1.0
4_8.png,0,Задание указано на доске. Подписывать бланк НЕ требуется,Задание указано на доске. Подписывать бланк НЕ требуется,1.0,0.0,0.0,0-0.1
4_8.png,1,АБВГДЕЁЖЗ ИЙКЛМНОПРСТ У,АБЕГДЕЕХ 5 ИЙК АМНОПРСТ ч,0.7083333333333334,0.34782608695652173,1.6666666666666667,0.3-0.5
4_8.png,2,ФХЦЧШЩЪЫЬЭЮЯ-0123456789,7ХЦЧИЦЫЬ 3ЮЯ-012745 67 ВЯ,0.625,0.4782608695652174,4.0,0.3-0.5
4_8.png,3,АБВГДЕЁЖЗ ИЙКЛМНОПРСТ У,ЯБЕГЛЕЕХ Я ИНК АМНСПРЕТ ч,0.5,0.5652173913043478,1.6666666666666667,0.5-1.0
4_8.png,4,ФХЦЧШЩЪЫЬЭЮЯ-0123456789,ФХИЧШЩЕНЬ 36 Я-242;45% 787,0.5306122448979592,0.5652173913043478,4.0,0.5-1.0
4_8.png,5,АБВГДЕЁЖЗ ИЙКЛМНОПРСТ У,АБЕГОЕЕХ2 ИЙКлмМнопРТ 4,0.5217391304347826,0.5217391304347826,1.0,0.5-1.0
4_8.png,6,ФХЦЧШЩЪЫЬЭЮЯ-0123456789,УХИЧШЩЬЫЬ ЭЮЯ- 0122458769,0.7083333333333334,0.34782608695652173,3.0,0.3-0.5
4_8.png,7,АБВГДЕЁЖЗ ИЙКЛМНОПРСТ У,АБВГДЕЕХ 2 ИИК ЛМНОПРСТ У,0.7916666666666666,0.2608695652173913,1.3333333333333333,0.2-0.3
4_8.png,8,ФХЦЧШЩЪЫЬЭЮЯ-0123456789,РХЦЧШИЪЫЬ 3ЮЯ-0912745 788,0.7083333333333334,0.34782608695652173,3.0,0.3-0.5
4_8.png,9,АБВГДЕЁЖЗ ИЙКЛМНОПРСТ У,АБВГДЕЕХЗ ИИКЛМНОПРСТ УФХЦиЧщЩЪыь3,0.7017543859649122,0.6086956521739131,1.0,0.5-1.0
4_8.png,10,ФХЦЧШЩЪЫЬЭЮЯ-0123456789,ЮЯ-012 2456709,0.5945945945945946,0.5652173913043478,2.0,0.5-1.0
4_8.png,11,АБВГДЕЁЖЗИЙ КЛМНОПРСТ УФХЦЧШЩЪЫЬЭ,П6ВГДЕЕХЗИЙКА МНОПРСТ У®ХЦЧШЦЩЬЫЬ 3,0.7058823529411765,0.36363636363636365,1.3333333333333333,0.3-0.5
4_8.png,12,ЮЯ-0123456789,ИЯ-112745 6799,0.6666666666666666,0.38461538461538464,2.0,0.3-0.5
4_8.png,13,АБВГДЕЁЖЗИЙ КЛМНОПРСТ УФХЦЧШЩЪЫЬЭ,ЯБВГДЕЕЯЗИИКА МнОПРСЕТ УФХЦЧИЩЬЫЬЭ,0.7164179104477612,0.3333333333333333,1.0,0.3-0.5
4_8.png,14,ЮЯ-0123456789,0Я-П123456789.,0.8148148148148148,0.23076923076923078,1.0,0.2-0.3
4_8.png,15,АБВГДЕЁЖЗИЙ КЛМНОПРСТ УФХЦЧШЩЪЫЬЭ,ЯБВГДЕЕХЗ ииклмнопРСГ УФУЦЧиЩЪЬЬЭ,0.5454545454545454,0.48484848484848486,1.0,0.3-0.5
4_8.png,16,ЮЯ-0123456789,ЮЯ-11234567Г08,0.8148148148148148,0.3076923076923077,1.0,0.3-0.5
4_8.png,17,АБВГДЕЁЖЗИЙ КЛМНОПРСТ УФХЦЧШЩЪЫЬЭ,АБВГДЕЕХЗ ИиклмноПРСТ У®хЦЧиЩььЭ,0.5538461538461539,0.48484848484848486,1.0,0.3-0.5
4_8.png,18,ЮЯ-0123456789,ЮЯ- 6122456785,0.7407407407407407,0.3076923076923077,2.0,0.3-0.5
4_9.png,0,Задание указано на доске. Подписывать бланк НЕ требуется,Задание указано на доске. Подписывать бланк НЕ требуется,1.0,0.0,0.0,0-0.1
4_9.png,1,АБВГДЕЁЖЗ ИЙКЛМНОПРСТ У,АБРГПЕЕХ 2 ИИКАМНОПРЕТ Ч,0.5957446808510638,0.43478260869565216,1.3333333333333333,0.3-0.5
4_9.png,2,ФХЦЧШЩЪЫЬЭЮЯ-0123456789,ФХИЧШЩЪЫ 6309-01224 5 4789,0.6530612244897959,0.43478260869565216,4.0,0.3-0.5
4_9.png,3,АБВГДЕЁЖЗ ИЙКЛМНОПРСТ У,АБЕГДЕЕХ2 ИМК АМНОПРЕтТ Ч,0.625,0.43478260869565216,1.3333333333333333,0.3-0.5
4_9.png,4,ФХЦЧШЩЪЫЬЭЮЯ-0123456789,ФХИЧШЩЬИЬ3ЮЯ- 0127466788,0.6808510638297872,0.34782608695652173,2.0,0.3-0.5
4_9.png,5,АБВГДЕЁЖЗ ИЙКЛМНОПРСТ У,"а ""ГОЕЕУ инк имнпярст ц",0.17391304347826086,0.8695652173913043,1.6666666666666667,0.5-1.0
4_9.png,6,ФХЦЧШЩЪЫЬЭЮЯ-0123456789,ОУН 5369 -127456785,0.38095238095238093,0.6521739130434783,3.0,0.5-1.0
4_9.png,7,АБВГДЕЁЖЗ ИЙКЛМНОПРСТ У,ЯЕРГДЕЕЖ > МиИклмнОомРСст мч,0.39215686274509803,0.8260869565217391,1.3333333333333333,0.5-1.0
4_9.png,8,ФХЦЧШЩЪЫЬЭЮЯ-0123456789,Фхишшъцьаюя - @ л2 $авб? веч,0.11764705882352941,1.0869565217391304,6.0,>1.0
4_9.png,9,АБВГДЕЁЖЗ ИЙКЛМНОПРСТ У,АЯБЕГДЕЕХ2 иикимнипоЕт чуфхцчиизиьз,0.2413793103448276,1.2173913043478262,1.0,>1.0
4_9.png,10,ФХЦЧШЩЪЫЬЭЮЯ-0123456789,ЮЯ- 12 #45 4789,0.5263157894736842,0.6521739130434783,4.0,0.5-1.0
4_9.png,11,АБВГДЕЁЖЗИЙ КЛМНОПРСТ УФХЦЧШЩЪЫЬЭ,ЦЕРГГ ЕСУД |1 ИХ АМНГПЕЕТ Уфу чилныьЗ,0.2,0.8484848484848485,2.3333333333333335,0.5-1.0
4_9.png,12,ЮЯ-0123456789,ЮЯ- ИАА ЕР ВЯ,0.23076923076923078,0.7692307692307693,4.0,0.5-1.0
4_10.png,0,Задание указано на доске. Подписывать бланк НЕ требуется,Задание указано на доске. Подписывать бланк НЕ требуется,1.0,0.0,0.0,0-0.1
4_10.png,1,АБВГДЕЁЖЗ ИЙКЛМНОПРСТ У,НЬБГ ЦЕЕХ А ИИКЛМНОПРЕТ Ч,0.5,0.5217391304347826,1.6666666666666667,0.5-1.0
4_10.png,2,ФХЦЧШЩЪЫЬЭЮЯ-0123456789,УХЦЧИЩЬЫЬ 309-1274567 89,0.6382978723404256,0.43478260869565216,3.0,0.3-0.5
4_10.png,3,АБВГДЕЁЖЗ ИЙКЛМНОПРСТ У,НЬРГДЕЕХ А ИИКАМНОПРСЕТ Ч,0.5833333333333334,0.4782608695652174,1.3333333333333333,0.3-0.5
4_10.png,4,ФХЦЧШЩЪЫЬЭЮЯ-0123456789,ТХЦЧШЦЪЫЬ 30Я-И712745607 87,0.64,0.4782608695652174,3.0,0.3-0.5
4_10.png,5,АБВГДЕЁЖЗ ИЙКЛМНОПРСТ У,ВЕЗ -ЕЕХЯ ИНК: т,0.358974358974359,0.782608695652174,1.3333333333333333,0.5-1.0
4_10.png,6,ФХЦЧШЩЪЫЬЭЮЯ-0123456789,О,0.0,1.0,1.0,>1.0
4_10.png,7,АБВГДЕЁЖЗ ИЙКЛМНОПРСТ У,ЕГДЕЕХ ИИКАУНИПРЕТ Ч,0.5116279069767442,0.5217391304347826,1.0,0.5-1.0
4_10.png,8,ФХЦЧШЩЪЫЬЭЮЯ-0123456789,АННА ШЕЫЕ 3427-19224 ден,0.2553191489361702,0.9130434782608695,4.0,0.5-1.0
4_10.png,9,АБВГДЕЁЖЗ ИЙКЛМНОПРСТ У,ЯБВГДЕЁХ? ИИКЛИНОПРСТ УЧУцчещтыьз,0.6428571428571429,0.6521739130434783,1.0,0.5-1.0
4_10.png,10,ФХЦЧШЩЪЫЬЭЮЯ-0123456789,ИЯ 01274550 89.,0.42105263157894735,0.7391304347826086,3.0,0.5-1.0
4_10.png,11,АБВГДЕЁЖЗИЙ КЛМНОПРСТ УФХЦЧШЩЪЫЬЭ,ВБЕГДЕЕКЯ ИЙКАМЕОГРОТ УСНУТЬ З,0.4444444444444444,0.6363636363636364,1.3333333333333333,0.5-1.0
4_10.png,12,ЮЯ-0123456789,Я 1123455799.,0.6153846153846154,0.46153846153846156,2.0,0.3-0.5
4_10.png,13,АБВГДЕЁЖЗИЙ КЛМНОПРСТ УФХЦЧШЩЪЫЬЭ,.-.,0.0,1.0,1.0,>1.0
4_10.png,14,ЮЯ-0123456789,ЯББГДЕЕХЗИЙИ КЛИНОПРСТ УФХИЧИЩЬЫЬ 3,0.08333333333333333,2.6923076923076925,4.0,>1.0
4_10.png,15,АБВГДЕЁЖЗИЙ КЛМНОПРСТ УФХЦЧШЩЪЫЬЭ,09-0122456789,0.0,1.0,1.0,>1.0
4_10.png,16,ЮЯ-0123456789,ЯБЕГДЕЕХЗИ` ИКЛИНОЙПРСТ УФХЦЧШЩЗЫЬ Я,0.04081632653061224,2.769230769230769,4.0,>1.0
4_10.png,17,АБВГДЕЁЖЗИЙ КЛМНОПРСТ УФХЦЧШЩЪЫЬЭ,ЮЯ-(4274567899,0.0,1.0,1.0,>1.0
5_1.png,0,Задание указано на доске. Подписывать бланк НЕ требуется,Задание указано на доске. Подписывать бланк НЕ требуется,1.0,0.0,0.0,0-0.1
5_1.png,1,АБВГДЕЁЖЗ ИЙКЛМНОПРСТ У,АББГДЕЕХ2 ИЙКАМНОПРСТУФ,0.7391304347826086,0.30434782608695654,1.0,0.3-0.5
5_1.png,2,ФХЦЧШЩЪЫЬЭЮЯ-0123456789,ХЦЧЕЩЬЫ 6 3ЮЯ-912745675$,0.5957446808510638,0.4782608695652174,3.0,0.3-0.5
5_1.png,3,АБВГДЕЁЖЗ ИЙКЛМНОПРСТ У,НЬВГДЕЕХ 5 ИИКАМНОПРСТ Ч,0.6382978723404256,0.391304347826087,1.3333333333333333,0.3-0.5
5_1.png,4,ФХЦЧШЩЪЫЬЭЮЯ-0123456789,ФХЦЧИЩЗЫЬЗЮЯ-912245 47875,0.6666666666666666,0.391304347826087,2.0,0.3-0.5
5_1.png,5,АБВГДЕЁЖЗ ИЙКЛМНОПРСТ У,НЫРГДЕЕХ а ИИКЛМНОПЕЕТ Ч,0.5531914893617021,0.4782608695652174,1.3333333333333333,0.3-0.5
5_1.png,6,ФХЦЧШЩЪЫЬЭЮЯ-0123456789,РХЦЧИЩЬЬЬЗЮЯ- 012746 6789,0.6666666666666666,0.391304347826087,3.0,0.3-0.5
5_1.png,7,АБВГДЕЁЖЗ ИЙКЛМНОПРСТ У,НБЕГДЕЕХ а ИИК АМНОПРЕТ ЧУ,0.6122448979591837,0.4782608695652174,1.6666666666666667,0.3-0.5
5_1.png,8,ФХЦЧШЩЪЫЬЭЮЯ-0123456789,ФХЦЧИЩЬЫЬЗНЯ-Й12245 6789,0.723404255319149,0.30434782608695654,2.0,0.3-0.5
5_1.png,9,АБВГДЕЁЖЗ ИЙКЛМНОПРСТ У,ЯБЕГДЕЕХЯИЙКАКНОПРЕТ` УХЦЧШЩЗЫЬЗН,0.5,0.8695652173913043,1.0,0.5-1.0
5_1.png,10,ФХЦЧШЩЪЫЬЭЮЯ-0123456789,Я-12$4567 890 ИБЕГДЕЕХ2 ИЙКАМКОПРГ,0.3508771929824561,1.434782608695652,4.0,>1.0
5_1.png,11,АБВГДЕЁЖЗИЙ КЛМНОПРСТ УФХЦЧШЩЪЫЬЭ,Т УЗХЦЧиЩЗЫЬ3Ю9-0123456788 НБВГДЕ,0.15151515151515152,1.0,1.0,>1.0
5_1.png,12,ЮЯ-0123456789,ЕХЗ ИЙКАМНОПРСТ УФХиЧШЩЗЫ130Я-Й12.,0.1702127659574468,2.5384615384615383,3.0,>1.0
5_1.png,13,АБВГДЕЁЖЗИЙ КЛМНОПРСТ УФХЦЧШЩЪЫЬЭ,#456709 НОВГДЕЕХЗ ИЙКАМНИПРГТ УЯХ,0.48484848484848486,0.7878787878787878,1.3333333333333333,0.5-1.0
5_1.png,14,ЮЯ-0123456789,ЦЧШ ЫЬЗЮЯ-0122456788 НОВГДЕЕХЗИЙ,0.4888888888888889,1.6153846153846154,3.0,>1.0
5_1.png,15,АБВГДЕЁЖЗИЙ КЛМНОПРСТ УФХЦЧШЩЪЫЬЭ,КАИНОПР[ ТУ ХЦЧиЩЬНЫЮЯ-012245 6759,0.3880597014925373,1.0,1.3333333333333333,>1.0
5_1.png,16,ЮЯ-0123456789,ЯБВГДЕЕТ 5! ИЙКАМНОПРЕТ оЩНиАЫЬ,0.09090909090909091,2.3076923076923075,4.0,>1.0
5_1.png,17,АБВГДЕЁЖЗИЙ КЛМНОПРСТ УФХЦЧШЩЪЫЬЭ,19-В922А56ВЯ З2ЯГДЕЕХВ РУКЕ,0.23333333333333334,0.9393939393939394,1.0,0.5-1.0
5_1.png,18,ЮЯ-0123456789,СТ УФУ НЫ 7245 6038,0.3125,1.2307692307692308,5.0,>1.0
5_2.png,0,Задание указано на доске. Подписывать бланк НЕ требуется,Задание указано на доске. Подлисывать бланк НЕ требуется,0.9821428571428571,0.017857142857142856,0.125,0-0.1
5_2.png,1,АБВГДЕЁЖЗ ИЙКЛМНОПРСТ У,АБЕГОЕЕХ> ИЙКЛМНОПРСТУ?,0.7391304347826086,0.30434782608695654,1.0,0.3-0.5
5_2.png,2,ФХЦЧШЩЪЫЬЭЮЯ-0123456789,ХИЧОиЪЫ,0.26666666666666666,0.8260869565217391,1.0,0.5-1.0
5_3.png,0,Задание указано на доске. Подписывать бланк НЕ требуется,Задание указано на доске. Подписывать бланк НЕ требуется,1.0,0.0,0.0,0-0.1
5_3.png,1,АБВГДЕЁЖЗ ИЙКЛМНОПРСТ У,ЯББГЦЕЕХ ИИКЛАМНОПРСТ Ч,0.6521739130434783,0.391304347826087,1.0,0.3-0.5
5_3.png,2,ФХЦЧШЩЪЫЬЭЮЯ-0123456789,ТХЦЧШЩЬЫЬ 30Я-И12#45а7 8$,0.625,0.43478260869565216,3.0,0.3-0.5
5_3.png,3,АБВГДЕЁЖЗ ИЙКЛМНОПРСТ У,НЬВГДЕЕХ5 ИИКАМНОПРЕТ Ч,0.6086956521739131,0.391304347826087,1.0,0.3-0.5
5_3.png,4,ФХЦЧШЩЪЫЬЭЮЯ-0123456789,ФХЦЧЬЩЪЫЬ ЗН9-0122456788,0.723404255319149,0.30434782608695654,2.0,0.3-0.5
5_3.png,5,АБВГДЕЁЖЗ ИЙКЛМНОПРСТ У,НЬВГДЕЕХ 2 ИИКЛМНОПРСТ Ч,0.6808510638297872,0.34782608695652173,1.3333333333333333,0.3-0.5
5_3.png,6,ФХЦЧШЩЪЫЬЭЮЯ-0123456789,ТХЦЧШЩЪЫЬ 30Я-Й127456788,0.723404255319149,0.30434782608695654,2.0,0.3-0.5
5_3.png,7,АБВГДЕЁЖЗ ИЙКЛМНОПРСТ У,НБ ДЕЕХ А ИИКАМНОПРЕТ Ч,0.5652173913043478,0.4782608695652174,1.6666666666666667,0.3-0.5
5_3.png,8,ФХЦЧШЩЪЫЬЭЮЯ-0123456789,ФХЦЗШЩЬЫЬ ЭЮЯ-012#4567 85,0.7916666666666666,0.2608695652173913,3.0,0.2-0.3
5_3.png,9,АБВГДЕЁЖЗ ИЙКЛМНОПРСТ У,ЯБВГДЕЁХ2 ИИКЛМНОПРЕТ УФХЦЧШЩЪЫЬ 3,0.631578947368421,0.6956521739130435,1.3333333333333333,0.5-1.0
5_3.png,10,ФХЦЧШЩЪЫЬЭЮЯ-0123456789,ЮЯ- 0122456788,0.5945945945945946,0.5652173913043478,2.0,0.5-1.0
5_3.png,11,АБВГДЕЁЖЗИЙ КЛМНОПРСТ УФХЦЧШЩЪЫЬЭ,АБЕГЦЕЕХ2 ИИКАМНОПРЕТ УФХЦЧИЩЪЫЬ 3,0.6567164179104478,0.3939393939393939,1.3333333333333333,0.3-0.5
5_3.png,12,ЮЯ-0123456789,Ю9-0122456789,0.8461538461538461,0.15384615384615385,1.0,0.1-0.2
5_3.png,13,АБВГДЕЁЖЗИЙ КЛМНОПРСТ УФХЦЧШЩЪЫЬЭ,ЯБЕГДЕЕХ2 ИЙКАМНОПРСТ ЧФУЦЧЬЩЪЫЬ 3,0.6567164179104478,0.3939393939393939,1.3333333333333333,0.3-0.5
5_3.png,14,ЮЯ-0123456789,ЮЯ-#123#456769,0.8148148148148148,0.23076923076923078,1.0,0.2-0.3
5_3.png,15,АБВГДЕЁЖЗИЙ КЛМНОПРСТ УФХЦЧШЩЪЫЬЭ,ЯБЕГДЕЕХ2 ИИКАМНОПРСТ УФХЦЧУЩУЫЬ 3,0.6567164179104478,0.3939393939393939,1.3333333333333333,0.3-0.5
5_3.png,16,ЮЯ-0123456789,6Я-Й127456089,0.6923076923076923,0.3076923076923077,1.0,0.3-0.5
5_3.png,17,АБВГДЕЁЖЗИЙ КЛМНОПРСТ УФХЦЧШЩЪЫЬЭ,ЯбЕГДЕЕХЗ ИЙКАМНОПРСТ УФХЦЧИЩУЫЬ 3,0.6865671641791045,0.36363636363636365,1.3333333333333333,0.3-0.5
5_3.png,18,ЮЯ-0123456789,0Я-012$456789,0.8461538461538461,0.15384615384615385,1.0,0.1-0.2
5_4.png,0,Задание указано на доске. Подписывать бланк НЕ требуется,Задание указано на доске. Подписывать бланк НЕ требуется,1.0,0.0,0.0,0-0.1
5_4.png,1,АБВГДЕЁЖЗ ИЙКЛМНОПРСТ У,НЕВГАЕЕХА` ИИК АМНОПЕСТ: Ч,0.5306122448979592,0.5652173913043478,1.3333333333333333,0.5-1.0
5_4.png,2,ФХЦЧШЩЪЫЬЭЮЯ-0123456789,ФХЦЧШЩЬЫЬ 30Я-И12745 678$,0.7083333333333334,0.34782608695652173,3.0,0.3-0.5
5_4.png,3,АБВГДЕЁЖЗ ИЙКЛМНОПРСТ У,НЬЁГДЕЕХ 5 ИИКЛМНИПАГТ Ч,0.5106382978723404,0.5217391304347826,1.3333333333333333,0.5-1.0
5_4.png,4,ФХЦЧШЩЪЫЬЭЮЯ-0123456789,ФХЦУШИЛЫЬ 3ЮЯ-И1274567[#,0.6382978723404256,0.391304347826087,2.0,0.3-0.5
5_4.png,5,АБВГДЕЁЖЗ ИЙКЛМНОПРСТ У,ЗАЗНИНЕНЕ 109 - [122496787,0.16326530612244897,1.0434782608695652,1.3333333333333333,>1.0
5_4.png,6,ФХЦЧШЩЪЫЬЭЮЯ-0123456789,НЫЕГДЕЕХ2 ИЙКЛМНОПРСТ Ч,0.08695652173913043,1.0,3.0,>1.0
5_4.png,7,АБВГДЕЁЖЗ ИЙКЛМНОПРСТ У,ФХЦЧШЩЪЫЬ ЗЮЯ - (122456789,0.12244897959183673,1.0869565217391304,1.3333333333333333,>1.0
5_4.png,8,ФХЦЧШЩЪЫЬЭЮЯ-0123456789,ЯБЕГДЕЁХЯ ИЙКЛМНОПРЕТ УФХИЧИЦЪЫЬ 3,0.24561403508771928,1.434782608695652,4.0,>1.0
5_4.png,9,АБВГДЕЁЖЗ ИЙКЛМНОПРСТ У,ЦЯ- 012245 4 НЗЯЯБЕГДЕЕХ Я ИЙКЛМНОПР,0.4745762711864407,1.1304347826086956,2.0,>1.0
5_4.png,10,ФХЦЧШЩЪЫЬЭЮЯ-0123456789,СТ УФХЦЧШЦЪЫЬ ЗИЯ -Й122466708 НЕЁГЛ,0.5517241379310345,0.8260869565217391,5.0,0.5-1.0
5_4.png,11,АБВГДЕЁЖЗИЙ КЛМНОПРСТ УФХЦЧШЩЪЫЬЭ,ЕЕ Х4 ИМКАННИССГТ ЧФУХЦУЕЩЕЫЬ ПИ -Й 1,0.17142857142857143,0.9090909090909091,2.3333333333333335,0.5-1.0
5_4.png,12,ЮЯ-0123456789,2745670 НЫВГДЕЁХЗ ИИКЛАНОПРЕ Г 9$,0.2608695652173913,2.3846153846153846,5.0,>1.0
5_4.png,13,АБВГДЕЁЖЗИЙ КЛМНОПРСТ УФХЦЧШЩЪЫЬЭ,ХичЕЩЬЕЬ 38 Я-И12245 6ГВУ,0.06896551724137931,0.9393939393939394,1.3333333333333333,0.5-1.0
5_4.png,14,ЮЯ-0123456789,НБВГДЕЕХ2 ИЙКЛИНОПРЕТ УФХЦЧУЩЬЫЬЗ,0.043478260869565216,2.4615384615384617,3.0,>1.0
5_4.png,15,АБВГДЕЁЖЗИЙ КЛМНОПРСТ УФХЦЧШЩЪЫЬЭ,ЮЯ- 0122456708,0.0425531914893617,0.9696969696969697,1.0,0.5-1.0
5_4.png,16,ЮЯ-0123456789,ЯБЕГДЕЕХ2 ИЙКЛИНОПРЕТ УФХЦЧШЩЪЫЬ 3,0.1276595744680851,2.5384615384615383,4.0,>1.0
5_4.png,17,АБВГДЕЁЖЗИЙ КЛМНОПРСТ УФХЦЧШЩЪЫЬЭ,ЮЯ- 0427454789,0.0425531914893617,0.9696969696969697,1.0,0.5-1.0
5_5.png,0,Задание указано на доске. Подписывать бланк НЕ требуется,Задание указано на доске. Подписывать бланк НЕ требуется,1.0,0.0,0.0,0-0.1
5_5.png,1,АБВГДЕЁЖЗ ИЙКЛМНОПРСТ У,ЧБВГДЕЕХЗ ИЙКЛМНОПРСТ ч,0.8260869565217391,0.17391304347826086,0.6666666666666666,0.1-0.2
5_5.png,2,ФХЦЧШЩЪЫЬЭЮЯ-0123456789,ФХЦЧИЩЬНЬ 309-012#45678,0.6521739130434783,0.391304347826087,2.0,0.3-0.5
5_5.png,3,АБВГДЕЁЖЗ ИЙКЛМНОПРСТ У,ЭНЬБГДЕЕХ5 ИИКЛМНОПРСЕТ,0.6521739130434783,0.4782608695652174,1.0,0.3-0.5
5_5.png,4,ФХЦЧШЩЪЫЬЭЮЯ-0123456789,УФХЦУШИЪЫЬ 349-Й1224567,0.6086956521739131,0.4782608695652174,2.0,0.3-0.5
5_5.png,5,АБВГДЕЁЖЗ ИЙКЛМНОПРСТ У,ВИАБЕГЦЕЕХ Я ИИКЛМНОПРСТ,0.6382978723404256,0.4782608695652174,1.0,0.3-0.5
5_5.png,6,ФХЦЧШЩЪЫЬЭЮЯ-0123456789,УФХИЧШШЗЫЪ 3Ю9-01274567,0.6086956521739131,0.4782608695652174,2.0,0.3-0.5
5_5.png,7,АБВГДЕЁЖЗ ИЙКЛМНОПРСТ У,ЭРЯБЕГДЕЕХ ИИКЛМНОПРСТ,0.6666666666666666,0.43478260869565216,1.0,0.3-0.5
5_5.png,8,ФХЦЧШЩЪЫЬЭЮЯ-0123456789,УФХИЧШЩЬЫЬ 3Ю0Я-01224567,0.723404255319149,0.391304347826087,2.0,0.3-0.5
5_5.png,9,АБВГДЕЁЖЗ ИЙКЛМНОПРСТ У,ЯБВГДЕЕХЗИЙКАМНОПРСТУФХИЧЕШЩЬНЬ ЭЮЯ,0.5862068965517241,0.8260869565217391,1.0,0.5-1.0
5_5.png,10,ФХЦЧШЩЪЫЬЭЮЯ-0123456789,012245 67В9ЯБВГ ДЕЕХЗИИК ЛИНОПРЕТУФХ,0.2711864406779661,1.5217391304347827,4.0,>1.0
5_5.png,11,АБВГДЕЁЖЗИЙ КЛМНОПРСТ УФХЦЧШЩЪЫЬЭ,ЦЧШЩЪЫ 5 ЗЮЯЯбЕГДЕЕХЗИЙКАМНОПРЕТУФХ,0.17647058823529413,0.8787878787878788,1.0,0.5-1.0
5_5.png,12,ЮЯ-0123456789,ЦУУЩЬЫЬЭЮЯЯБЕГДЕЕХ ИЙКЛМНОПРСТ Ч,0.08888888888888889,2.3076923076923075,3.0,>1.0
5_5.png,13,АБВГДЕЁЖЗИЙ КЛМНОПРСТ УФХЦЧШЩЪЫЬЭ,ТХИЧШЩЬЫ 309 -0122456789 ЯБВГДЕЕХЗ,0.1791044776119403,1.0,1.3333333333333333,>1.0
5_5.png,14,ЮЯ-0123456789,ИИКЛИНОПРСТ УФХЦЧШЩЪЫ ЭЮЯ -012#466,0.3404255319148936,2.230769230769231,4.0,>1.0
5_5.png,15,АБВГДЕЁЖЗИЙ КЛМНОПРСТ УФХЦЧШЩЪЫЬЭ,789 АБВГДЕЕХЗИИКАМИОПРСТУФХИЧИЩЗЫ,0.6363636363636364,0.48484848484848486,1.0,0.3-0.5
5_5.png,16,ЮЯ-0123456789,Ь35Я-0122456789 ЯбЕГДЕЕХА ИЙКЛИНО,0.4782608695652174,1.6923076923076923,3.0,>1.0
5_5.png,17,АБВГДЕЁЖЗИЙ КЛМНОПРСТ УФХЦЧШЩЪЫЬЭ,ПРЕТ УФХЦЧШШЬЫЬЗИЯ-012#456789 ЯВ,0.36923076923076925,1.0,1.0,>1.0
5_5.png,18,ЮЯ-0123456789,ГДЕЕХЗ ИИКЛИНОПРСТ ЧФхичЬЩУыЬ3 ВЯ,0.043478260869565216,2.5384615384615383,4.0,>1.0
5_6.png,0,Задание указано на доске. Подписывать бланк НЕ требуется,Задание указано на доске. Подписывать бланк НЕ требуется,1.0,0.0,0.0,0-0.1
5_6.png,1,АБВГДЕЁЖЗ ИЙКЛМНОПРСТ У,ЯБЕГ ДЕЕХ2 ИйКАМНОПРГТ Ч,0.5957446808510638,0.43478260869565216,1.3333333333333333,0.3-0.5
5_6.png,2,ФХЦЧШЩЪЫЬЭЮЯ-0123456789,ФХЦНШЩЪЫЬ 30Я-0122456788,0.7659574468085106,0.2608695652173913,2.0,0.2-0.3
5_6.png,3,АБВГДЕЁЖЗ ИЙКЛМНОПРСТ У,ЯБЕГДЕЕХ Я ИИКЛМНОПРГТ Ч,0.6382978723404256,0.391304347826087,1.3333333333333333,0.3-0.5
5_6.png,4,ФХЦЧШЩЪЫЬЭЮЯ-0123456789,ФХЦЧШЩЪЫВ ЭНЯ-01274567В5,0.7659574468085106,0.2608695652173913,2.0,0.2-0.3
5_6.png,5,АБВГДЕЁЖЗ ИЙКЛМНОПРСТ У,ЯБЕГЛЕЕХ2 ИИКАМНОПРЕТ Ч,0.5652173913043478,0.43478260869565216,1.0,0.3-0.5
5_6.png,6,ФХЦЧШЩЪЫЬЭЮЯ-0123456789,РХЦИЩЕЫЕ ЗНЯ-0122456789,0.6521739130434783,0.391304347826087,2.0,0.3-0.5
5_6.png,7,АБВГДЕЁЖЗ ИЙКЛМНОПРСТ У,ее ле 2,0.13333333333333333,0.9130434782608695,1.0,0.5-1.0
5_6.png,8,ФХЦЧШЩЪЫЬЭЮЯ-0123456789,.*,0.0,1.0,1.0,>1.0
5_6.png,9,АБВГДЕЁЖЗ ИЙКЛМНОПРСТ У,а: ЯБВГЛЕЕКЗ  ИИКАИНОПРСТ,0.5833333333333334,0.5652173913043478,1.0,0.5-1.0
5_6.png,10,ФХЦЧШЩЪЫЬЭЮЯ-0123456789,ЩИЬНЬ ЗН. 042 $45’ В9НБРГДЕЕКЗ,0.2641509433962264,1.2173913043478262,5.0,>1.0
5_6.png,11,АБВГДЕЁЖЗИЙ КЛМНОПРСТ УФХЦЧШЩЪЫЬЭ,ИКАМНОПРЕТ УФХ ЦЧУШЗЫЬ 30Я -012#456,0.47058823529411764,0.9090909090909091,1.6666666666666667,0.5-1.0
5_6.png,12,ЮЯ-0123456789,ГВЗНЕВГДЕЕХЗ ИЙКАМНОПРЕТ УФХЦЬИЗЫ,0.0,2.5384615384615383,3.0,>1.0
5_6.png,13,АБВГДЕЁЖЗИЙ КЛМНОПРСТ УФХЦЧШЩЪЫЬЭ,ЬЭВЯ-042#45 6’ В9ЯБРГДЕЁХ 2 ИИКАМНОП,0.3188405797101449,1.0,1.6666666666666667,>1.0
5_6.png,14,ЮЯ-0123456789,РЕТ УФХЦЧШИЗЪЫЬ ЗНЯ-01224567В9Я6ВГД.,0.40816326530612246,2.0,3.0,>1.0
5_6.png,15,АБВГДЕЁЖЗИЙ КЛМНОПРСТ УФХЦЧШЩЪЫЬЭ,ЕЁХЗ ИИКАМНОПРЕТ УФХИЧИЦЩЬЫЬ ЭЮЯ- 01,0.5797101449275363,0.6666666666666666,1.6666666666666667,0.5-1.0
5_6.png,16,ЮЯ-0123456789,23496 ВУЯБВГДЕЕХ ЗИИКАМНОПРЕТУ®ХЦ,0.17391304347826086,2.4615384615384617,3.0,>1.0
5_6.png,17,АБВГДЕЁЖЗИЙ КЛМНОПРСТ УФХЦЧШЩЪЫЬЭ,ШЩЪЫЬ ЭЮЯАЯБРГДЕЕХ 2 ИЙКАМНОПРСТ УФХ,0.5507246376811594,0.7878787878787878,1.6666666666666667,0.5-1.0
5_6.png,18,ЮЯ-0123456789,"- гу, ФР ео .",0.07692307692307693,1.0,5.0,>1.0
5_6.png,19,АБВГДЕЁЖЗИЙ КЛМНОПРСТ УФХЦЧШЩЪЫЬЭ,коз = . - 2. 9 Ш ;,0.11764705882352941,0.9090909090909091,2.6666666666666665,0.5-1.0
5_6.png,20,ЮЯ-0123456789,.4 + ` ®- - .4.,0.14285714285714285,1.1538461538461537,6.0,>1.0
5_7.png,0,Задание указано на доске. Подписывать бланк НЕ требуется,Задание указано на доске. Подписывать бланк НЕ требуется,1.0,0.0,0.0,0-0.1
5_7.png,1,АБВГДЕЁЖЗ ИЙКЛМНОПРСТ У,АБВГДЕЕХ5 ИЙКАЛМНОПРСТ,0.8,0.2608695652173913,1.0,0.2-0.3
5_7.png,2,ФХЦЧШЩЪЫЬЭЮЯ-0123456789,УЧФХЦЧШЩЪЫЬ 30Я-042245678,0.75,0.34782608695652173,2.0,0.3-0.5
5_7.png,3,АБВГДЕЁЖЗ ИЙКЛМНОПРСТ У,9,0.0,1.0,1.0,>1.0
5_7.png,4,ФХЦЧШЩЪЫЬЭЮЯ-0123456789,АЯБВГДЕЕХЗ ИИКЛМНОПРЕТУФ,0.0425531914893617,1.0434782608695652,2.0,>1.0
5_7.png,5,АБВГДЕЁЖЗ ИЙКЛМНОПРСТ У,ХЦУШЦЪЫЬ ЭЮЯ-И122456789,0.08695652173913043,1.0,1.0,>1.0
5_7.png,6,ФХЦЧШЩЪЫЬЭЮЯ-0123456789,"У. ь Аи -4 у во дало. бп И, ва `. . . ,",0.06451612903225806,1.6956521739130435,14.0,>1.0
5_7.png,7,АБВГДЕЁЖЗ ИЙКЛМНОПРСТ У,с. .- —_ и ^ РГ ‹ о} 2 —,0.1276595744680851,0.9565217391304348,3.3333333333333335,0.5-1.0
5_7.png,8,ФХЦЧШЩЪЫЬЭЮЯ-0123456789,`— я-а. ое Ее катя,0.04878048780487805,1.0,5.0,>1.0
5_7.png,9,АБВГДЕЁЖЗ ИЙКЛМНОПРСТ У,ба рр аа а ес . | ‚ <- ..) [ОИ ьз.,0.10526315789473684,1.391304347826087,4.0,>1.0
5_7.png,10,ФХЦЧШЩЪЫЬЭЮЯ-0123456789,АЯБВГДЕЕХЗИИКЛМНОПРСТУФХЦЧЫЩЬЫЬ ЭЮЯ,0.3448275862068966,1.4782608695652173,2.0,>1.0
5_7.png,11,АБВГДЕЁЖЗИЙ КЛМНОПРСТ УФХЦЧШЩЪЫЬЭ,- (123456709,0.044444444444444446,0.9696969696969697,1.0,0.5-1.0
5_7.png,12,ЮЯ-0123456789,ЯБВГДЕЕХЗИИКЛМНОПРЕТУФХЦУУЩУАЫЬ ЭЮЯ,0.08333333333333333,2.6923076923076925,2.0,>1.0
5_7.png,13,АБВГДЕЁЖЗИЙ КЛМНОПРСТ УФХЦЧШЩЪЫЬЭ,-0123456789,0.0,1.0,1.0,>1.0
5_7.png,14,ЮЯ-0123456789,АБВГДЕЕХЗИИКАМНОПР ЕТУ ХИЧИЩЪЫЬЬЗЮЯ,0.08333333333333333,2.6923076923076925,3.0,>1.0
5_7.png,15,АБВГДЕЁЖЗИЙ КЛМНОПРСТ УФХЦЧШЩЪЫЬЭ,- 0123456288,0.044444444444444446,0.9696969696969697,1.0,0.5-1.0
5_8.png,0,Задание указано на доске. Подписывать бланк НЕ требуется,Задание указано на доске. Подписывать бланк НЕ требуется,1.0,0.0,0.0,0-0.1
5_8.png,1,АБВГДЕЁЖЗ ИЙКЛМНОПРСТ У,АБВГЦЕЕХ2 ИИКЛМНОПРЕТ Ч,0.6956521739130435,0.30434782608695654,1.0,0.3-0.5
5_8.png,2,ФХЦЧШЩЪЫЬЭЮЯ-0123456789,ФХЦУШЦЪЫЬ ЭЮЯ-И12#4567 88,0.75,0.30434782608695654,3.0,0.3-0.5
5_8.png,3,АБВГДЕЁЖЗ ИЙКЛМНОПРСТ У,НЕЕГДЕЕХ 8 ИИКЛМНОПРЕТ Ч,0.5957446808510638,0.43478260869565216,1.3333333333333333,0.3-0.5
5_8.png,4,ФХЦЧШЩЪЫЬЭЮЯ-0123456789,ФХЦЧШЩЬЫЬ 30Я-И1274567 88,0.7083333333333334,0.34782608695652173,3.0,0.3-0.5
5_8.png,5,АБВГДЕЁЖЗ ИЙКЛМНОПРСТ У,ЯБРГЦЕЕХ А ИИКАМНОПРЕТ ч,0.46808510638297873,0.4782608695652174,1.3333333333333333,0.3-0.5
5_8.png,6,ФХЦЧШЩЪЫЬЭЮЯ-0123456789,ФХЦЧШЩЬЫЬ 30Я-Й127456789,0.7659574468085106,0.2608695652173913,2.0,0.2-0.3
5_8.png,7,АБВГДЕЁЖЗ ИЙКЛМНОПРСТ У,НЬВГЛЕЕХ А ИИКЛМНОПРЕТ Ч,0.5957446808510638,0.43478260869565216,1.3333333333333333,0.3-0.5
5_8.png,8,ФХЦЧШЩЪЫЬЭЮЯ-0123456789,ФХЦНШЩЪЫЬ 30Я-0/224567Н5,0.6808510638297872,0.34782608695652173,2.0,0.3-0.5
5_8.png,9,АБВГДЕЁЖЗ ИЙКЛМНОПРСТ У,ЯБЕГДЕЕХ2 ИЙКЛМНОПРЕТ УФХЦЧШЩЗЫЬ 3,0.5964912280701754,0.7391304347826086,1.3333333333333333,0.5-1.0
5_8.png,10,ФХЦЧШЩЪЫЬЭЮЯ-0123456789,ВЯ- 8127456787 _,0.46153846153846156,0.7391304347826086,3.0,0.5-1.0
5_8.png,11,АБВГДЕЁЖЗИЙ КЛМНОПРСТ УФХЦЧШЩЪЫЬЭ,"кой м Е ИНК ТТ УИ,",0.23529411764705882,0.8484848484848485,2.0,0.5-1.0
5_8.png,12,ЮЯ-0123456789,Я - 7726757,0.4166666666666667,0.7692307692307693,3.0,0.5-1.0
5_8.png,13,АБВГДЕЁЖЗИЙ КЛМНОПРСТ УФХЦЧШЩЪЫЬЭ,"25 ДЕ а и, СР 8 УД:",0.23076923076923078,0.8181818181818182,2.3333333333333335,0.5-1.0
5_8.png,14,ЮЯ-0123456789,НЯ - Пл ‘2; 47,0.37037037037037035,0.9230769230769231,5.0,0.5-1.0
5_8.png,15,АБВГДЕЁЖЗИЙ КЛМНОПРСТ УФХЦЧШЩЪЫЬЭ,поБ. те иди». ОРРЕТ Е 4-.44532,0.12698412698412698,0.8787878787878788,2.0,0.5-1.0
5_8.png,16,ЮЯ-0123456789,ЗРАЕЕХА ПИкИи 2,0.07142857142857142,1.1538461538461537,3.0,>1.0
5_8.png,17,АБВГДЕЁЖЗИЙ КЛМНОПРСТ УФХЦЧШЩЪЫЬЭ,м,0.0,1.0,1.0,>1.0
5_9.png,0,Задание указано на доске. Подписывать бланк НЕ требуется,Задание указано на доске. Подписывать бланк НЕ требуется,1.0,0.0,0.0,0-0.1
5_9.png,1,АБВГДЕЁЖЗ ИЙКЛМНОПРСТ У,ЯБФГПЕЕХЗИЙК АМНОПРЕТУФХ,0.5957446808510638,0.5217391304347826,1.0,0.5-1.0
5_9.png,2,ФХЦЧШЩЪЫЬЭЮЯ-0123456789,ИЧУЩЪЫЮЯ- 01224567998,0.6818181818181818,0.43478260869565216,2.0,0.3-0.5
5_9.png,3,АБВГДЕЁЖЗ ИЙКЛМНОПРСТ У,ЯБЕГЛЕЕХЗИИКАМНОПРЕТУФХ,0.34782608695652173,0.5217391304347826,1.0,0.5-1.0
5_9.png,4,ФХЦЧШЩЪЫЬЭЮЯ-0123456789,ЦУШШЪЫ ЬЮЯ - 0122456788,0.6956521739130435,0.43478260869565216,4.0,0.3-0.5
5_9.png,5,АБВГДЕЁЖЗ ИЙКЛМНОПРСТ У,ЯБВГПЕЕХЗИЙК АМНОПРЕТУФХ,0.6382978723404256,0.4782608695652174,1.0,0.3-0.5
5_9.png,6,ФХЦЧШЩЪЫЬЭЮЯ-0123456789,ЦЧШЩЪЫЮЬЯ-012#45678Я,0.7906976744186046,0.30434782608695654,1.0,0.3-0.5
5_9.png,7,АБВГДЕЁЖЗ ИЙКЛМНОПРСТ У,НЬВГДЕЕХЗИИК АМНОПРЕТУ$ Х,0.5416666666666666,0.5217391304347826,1.0,0.5-1.0
5_10.png,0,Задание указано на доске. Подписывать бланк НЕ требуется,Задание указано на доске. Подписывать бланк НЕ требуется,1.0,0.0,0.0,0-0.1
5_10.png,1,АБВГДЕЁЖЗ ИЙКЛМНОПРСТ У,АЯБЕГДЕЕХЗ ИИКАМНОПРЕТ Ч,0.6808510638297872,0.34782608695652173,1.0,0.3-0.5
5_10.png,2,ФХЦЧШЩЪЫЬЭЮЯ-0123456789,фхХЦЧШЩУЫЬ ЗЮЯ- 0122456758,0.7346938775510204,0.391304347826087,3.0,0.3-0.5
5_10.png,3,АБВГДЕЁЖЗ ИЙКЛМНОПРСТ У,ЯБЕГЛЕЕХ= ИУКЛМНОПРСТ Ч,0.6521739130434783,0.34782608695652173,1.0,0.3-0.5
5_10.png,4,ФХЦЧШЩЪЫЬЭЮЯ-0123456789,ФХЦЧШиЛыЬ 307 - 0125-5577;,0.4897959183673469,0.6086956521739131,4.0,0.5-1.0
5_10.png,5,АБВГДЕЁЖЗ ИЙКЛМНОПРСТ У,ЯБЕГОЕЕХЗ ИИКАМНОПРЕТ Ч,0.6086956521739131,0.391304347826087,1.0,0.3-0.5
5_10.png,6,ФХЦЧШЩЪЫЬЭЮЯ-0123456789,"ОХЦУЦЫЬ ЗЮЯ-012345,67 ВВ",0.6382978723404256,0.4782608695652174,3.0,0.3-0.5
5_10.png,7,АБВГДЕЁЖЗ ИЙКЛМНОПРСТ У,ЯБЕВГДЕЕХ Я ИЙКЛММОПРСТ Ц,0.7083333333333334,0.34782608695652173,1.3333333333333333,0.3-0.5
5_10.png,8,ФХЦЧШЩЪЫЬЭЮЯ-0123456789,Ф хцчшыъь! 6 эю я- 042$4587808,0.3018867924528302,0.9565217391304348,6.0,0.5-1.0
5_10.png,9,АБВГДЕЁЖЗ ИЙКЛМНОПРСТ У,ВЕАСГЕЕХа ИНКЛИНОЙПРЕТ У$\ -чЧЬщАНы: 3,0.45901639344262296,1.1304347826086956,1.6666666666666667,>1.0
5_10.png,10,ФХЦЧШЩЪЫЬЭЮЯ-0123456789,4$: 0122495789,0.43243243243243246,0.6956521739130435,2.0,0.5-1.0
5_10.png,11,АБВГДЕЁЖЗИЙ КЛМНОПРСТ УФХЦЧШЩЪЫЬЭ,АБЕГДЕЕХЗ ИЙКАИНИПРСТ ЧФХЦЧШШЪЫЬ 3,0.6865671641791045,0.36363636363636365,1.3333333333333333,0.3-0.5
5_10.png,12,ЮЯ-0123456789,Ю%- 0122456789,0.8148148148148148,0.23076923076923078,2.0,0.2-0.3
6_1.png,0,Задание указано на доске. Подписывать бланк НЕ требуется,Задание указано на доске. Подписывать бланк НЕ требуется,1.0,0.0,0.0,0-0.1
6_1.png,1,АБВГДЕЁЖЗ ИЙКЛМНОПРСТ У,ЯБЕГДЕЕХ 2 ИИКАМНОПРЕТ ч,0.5957446808510638,0.43478260869565216,1.3333333333333333,0.3-0.5
6_1.png,2,ФХЦЧШЩЪЫЬЭЮЯ-0123456789,тХЦЧШЩЗЫЬ 3НЯ- й12745В7В9,0.625,0.43478260869565216,3.0,0.3-0.5
6_1.png,3,АБВГДЕЁЖЗ ИЙКЛМНОПРСТ У,В-ЕГСЕЕУЕ Их ^ _,0.3076923076923077,0.782608695652174,1.3333333333333333,0.5-1.0
6_1.png,4,ФХЦЧШЩЪЫЬЭЮЯ-0123456789,и —/ > я 7 — =,0.05405405405405406,1.0,7.0,>1.0
6_1.png,5,АБВГДЕЁЖЗ ИЙКЛМНОПРСТ У,= АО они ],0.18181818181818182,0.8695652173913043,1.3333333333333333,0.5-1.0
6_1.png,6,ФХЦЧШЩЪЫЬЭЮЯ-0123456789,.@ *° - . .,0.058823529411764705,0.9565217391304348,5.0,0.5-1.0
6_1.png,7,АБВГДЕЁЖЗ ИЙКЛМНОПРСТ У,"чо. . ..’ = г И — ‚ ” =? ,",0.12244897959183673,1.0434782608695652,3.6666666666666665,>1.0
6_1.png,8,ФХЦЧШЩЪЫЬЭЮЯ-0123456789,г. |: 17,0.12903225806451613,0.9130434782608695,3.0,0.5-1.0
6_1.png,9,АБВГДЕЁЖЗ ИЙКЛМНОПРСТ У,НББГДЕЁХ 5 `ИЙКЛИНОПРЕТ Ч,0.6666666666666666,0.391304347826087,1.3333333333333333,0.3-0.5
6_1.png,10,ФХЦЧШЩЪЫЬЭЮЯ-0123456789,ФХЦЧШЩЗЫЬ ЭНЯ-Й1224567 88,0.75,0.30434782608695654,3.0,0.3-0.5
6_1.png,11,АБВГДЕЁЖЗИЙ КЛМНОПРСТ УФХЦЧШЩЪЫЬЭ,НБЕГДЕЁХЗ ИЙКАННОПРСТ ча,0.5614035087719298,0.5454545454545454,1.0,0.5-1.0
6_1.png,12,ЮЯ-0123456789,ия 12466792522 рае,0.3870967741935484,1.1538461538461537,3.0,>1.0
6_1.png,13,АБВГДЕЁЖЗИЙ КЛМНОПРСТ УФХЦЧШЩЪЫЬЭ,ДЕ -СЕ: Те ЕВЕВТДЕ,0.23529411764705882,0.8787878787878788,1.3333333333333333,0.5-1.0
6_1.png,14,ЮЯ-0123456789,ор иЕТВЕти ВУДИ ЕЕор,0.0,1.5384615384615385,4.0,>1.0
6_1.png,15,АБВГДЕЁЖЗИЙ КЛМНОПРСТ УФХЦЧШЩЪЫЬЭ,СЕРаЗАБВГ ДЕЕЖ ИЙКАМНОПРЕТ УФХЦЧО,0.6666666666666666,0.5151515151515151,1.3333333333333333,0.5-1.0
6_1.png,16,ЮЯ-0123456789,ЦЪИ ЭНЯ-142345Б7В9АБЕГДЕЁЖЗИЙКАНН,0.391304347826087,1.9230769230769231,2.0,>1.0
6_1.png,17,АБВГДЕЁЖЗИЙ КЛМНОПРСТ УФХЦЧШЩЪЫЬЭ,ОПРСТ` УФХУ ЧШИЗ И 30Я-9122456789,0.3333333333333333,0.9696969696969697,1.6666666666666667,0.5-1.0
6_1.png,18,ЮЯ-0123456789,">< >, НУ",0.0,1.0,3.0,>1.0
6_1.png,19,АБВГДЕЁЖЗИЙ КЛМНОПРСТ УФХЦЧШЩЪЫЬЭ,> . 6 к 4. 6-,0.08695652173913043,0.9393939393939394,2.0,0.5-1.0
6_2.png,0,Задание указано на доске. Подписывать бланк НЕ требуется,®,0.0,1.0,1.0,>1.0
6_2.png,1,АБВГДЕЁЖЗ ИЙКЛМНОПРСТ У,азано на доске. Подписывать бланк НЕ требуется,0.057971014492753624,1.9130434782608696,2.3333333333333335,>1.0
6_2.png,2,ФХЦЧШЩЪЫЬЭЮЯ-0123456789,ДЕСХ ПИКАМНОЛАТеЕХ,0.04878048780487805,1.0,2.0,>1.0
6_2.png,3,АБВГДЕЁЖЗ ИЙКЛМНОПРСТ У,ПЕ АДА АСЕ ЕН |.,0.3076923076923077,0.8695652173913043,1.6666666666666667,0.5-1.0
6_2.png,4,ФХЦЧШЩЪЫЬЭЮЯ-0123456789,ДЕЕХ2 ИЙКЛМНОПРТУ?Х,0.09523809523809523,1.0,2.0,>1.0
6_2.png,5,АБВГДЕЁЖЗ ИЙКЛМНОПРСТ У,ЪЬЫЗЭНЯ-Й14567892Я Г,0.046511627906976744,0.9130434782608695,1.0,0.5-1.0
6_2.png,6,ФХЦЧШЩЪЫЬЭЮЯ-0123456789,ДЕЕХА ИЙК ЛМНОПРТУХ,0.047619047619047616,1.0,3.0,>1.0
6_2.png,7,АБВГДЕЁЖЗ ИЙКЛМНОПРСТ У,116 Ы30Я-Й145678522 Г,0.045454545454545456,0.9130434782608695,1.0,0.5-1.0
6_2.png,8,ФХЦЧШЩЪЫЬЭЮЯ-0123456789,ЕЁХЗ ИИКАМНОРЕТ УРХИЧИЩЗЫЕ 38,0.23076923076923078,1.2173913043478262,4.0,>1.0
6_2.png,9,АБВГДЕЁЖЗ ИЙКЛМНОПРСТ У,АВЕ’ ВЯ,0.26666666666666666,0.8260869565217391,1.0,0.5-1.0
6_3.png,0,Задание указано на доске. Подписывать бланк НЕ требуется,Задание указано на доске. Подписывать бланк НЕ требуетси,0.9821428571428571,0.017857142857142856,0.125,0-0.1
6_3.png,1,АБВГДЕЁЖЗ ИЙКЛМНОПРСТ У,ЯБЕГДЕЕХ а ИИКАМНОПРСТ Ч,0.6382978723404256,0.391304347826087,1.3333333333333333,0.3-0.5
6_3.png,2,ФХЦЧШЩЪЫЬЭЮЯ-0123456789,ФХЦЧШЦЪЫЬ 3ЮЯ-И12#45 6788,0.75,0.30434782608695654,3.0,0.3-0.5
6_3.png,3,АБВГДЕЁЖЗ ИЙКЛМНОПРСТ У,АЯБВГПЕЕХ2 ИИКЛМНОПРЕТ Ч,0.6808510638297872,0.34782608695652173,1.0,0.3-0.5
6_3.png,4,ФХЦЧШЩЪЫЬЭЮЯ-0123456789,ФХЦЧШЩЪЫЕ 30Я-й12#456789,0.7659574468085106,0.2608695652173913,2.0,0.2-0.3
6_3.png,5,АБВГДЕЁЖЗ ИЙКЛМНОПРСТ У,НЫЕГДЕСКЯ инксмыалрСт :,0.2608695652173913,0.7391304347826086,1.0,0.5-1.0
6_3.png,6,ФХЦЧШЩЪЫЬЭЮЯ-0123456789,тон: паче ос+чсигар,0.0,1.0,3.0,>1.0
6_3.png,7,АБВГДЕЁЖЗ ИЙКЛМНОПРСТ У,ЯБЕГДЕЁХ ИЙКЛМНОПРСТ Ч,0.8,0.21739130434782608,0.6666666666666666,0.2-0.3
6_3.png,8,ФХЦЧШЩЪЫЬЭЮЯ-0123456789,ФхиЧШЩЪЫЬ ЭНЯ -1122456788,0.7083333333333334,0.34782608695652173,3.0,0.3-0.5
6_3.png,9,АБВГДЕЁЖЗ ИЙКЛМНОПРСТ У,ЯБВГДЕЁХЗ ИИКАМНОПРЕТ ЧУФХИЧЮЩЪЫЬ 3,0.6206896551724138,0.7391304347826086,1.3333333333333333,0.5-1.0
6_3.png,10,ФХЦЧШЩЪЫЬЭЮЯ-0123456789,вя-0123456769,0.5555555555555556,0.5652173913043478,1.0,0.5-1.0
6_3.png,11,АБВГДЕЁЖЗИЙ КЛМНОПРСТ УФХЦЧШЩЪЫЬЭ,ЯББГДЕЕЖЗ НИКАМНОПРЕГ ЧУЦЧИТЬЬ Я,0.5538461538461539,0.5454545454545454,1.3333333333333333,0.5-1.0
